cliente_id,nombre,fecha_ultima_compra,recencia_dias,frecuencia_compras,ticket_promedio,monto_total,categoria_favorita,canal,ciudad
CLI-0001,Cliente_1,2025-05-11,297,20,334.26,6685.2,Destilado,WhatsApp,Ambato
CLI-0002,Cliente_2,2025-03-23,346,7,265.36,1857.52,Espumante,Autoservicio,Cuenca
CLI-0003,Cliente_3,2025-06-13,264,22,323.81,7123.82,Licor,Autoservicio,Quito
CLI-0004,Cliente_4,2025-03-24,345,10,127.83,1278.3,Espumante,Horeca,Guayaquil
CLI-0005,Cliente_5,2026-02-08,24,8,492.29,3938.32,Vino,WhatsApp,Ambato
CLI-0006,Cliente_6,2025-04-15,323,19,113.33,2153.27,Destilado,WhatsApp,Ambato
CLI-0007,Cliente_7,2025-10-30,125,5,334.91,1674.55,Vino,Autoservicio,Ambato
CLI-0008,Cliente_8,2025-11-11,113,6,405.97,2435.82,Destilado,Autoservicio,Manta
CLI-0009,Cliente_9,2025-10-27,128,4,239.1,956.4,Destilado,E-commerce,Ambato
CLI-0010,Cliente_10,2025-04-24,314,24,448.17,10756.08,Destilado,WhatsApp,Quito
CLI-0011,Cliente_11,2025-07-03,244,15,144.41,2166.15,Espumante,E-commerce,Manta
CLI-0012,Cliente_12,2025-06-28,249,21,134.84,2831.64,Destilado,Autoservicio,Cuenca
CLI-0013,Cliente_13,2025-11-03,121,9,181.21,1630.89,Vino,Horeca,Quito
CLI-0014,Cliente_14,2025-11-05,119,13,353.1,4590.3,Espumante,Autoservicio,Ambato
CLI-0015,Cliente_15,2025-08-07,209,11,280.45,3084.95,Destilado,Autoservicio,Quito
CLI-0016,Cliente_16,2025-07-31,216,13,454.32,5906.16,Vino,WhatsApp,Ambato
CLI-0017,Cliente_17,2026-02-28,4,12,163.33,1959.96,Destilado,WhatsApp,Manta
CLI-0018,Cliente_18,2025-05-28,280,20,450.95,9019.0,Destilado,Horeca,Cuenca
CLI-0019,Cliente_19,2025-07-23,224,16,33.93,542.88,Licor,WhatsApp,Quito
CLI-0020,Cliente_20,2025-07-07,240,5,490.75,2453.75,Vino,WhatsApp,Manta
CLI-0021,Cliente_21,2025-05-19,289,22,33.01,726.22,Destilado,Horeca,Ambato
CLI-0022,Cliente_22,2025-11-30,94,2,144.88,289.76,Licor,Horeca,Ambato
CLI-0023,Cliente_23,2025-09-17,168,11,385.39,4239.29,Destilado,E-commerce,Ambato
CLI-0024,Cliente_24,2025-10-25,130,3,245.75,737.25,Vino,E-commerce,Quito
CLI-0025,Cliente_25,2025-04-05,333,3,394.99,1184.97,Vino,Autoservicio,Quito
CLI-0026,Cliente_26,2025-11-21,103,1,318.24,318.24,Espumante,Horeca,Ambato
CLI-0027,Cliente_27,2025-03-26,343,4,290.71,1162.84,Espumante,WhatsApp,Cuenca
CLI-0028,Cliente_28,2025-08-27,189,6,310.83,1864.98,Vino,Horeca,Cuenca
CLI-0029,Cliente_29,2026-01-07,56,19,32.33,614.27,Licor,WhatsApp,Ambato
CLI-0030,Cliente_30,2025-11-22,102,3,304.21,912.63,Espumante,Autoservicio,Cuenca
CLI-0031,Cliente_31,2025-03-18,351,20,406.65,8133.0,Vino,E-commerce,Manta
CLI-0032,Cliente_32,2025-07-27,220,22,197.87,4353.14,Licor,Autoservicio,Ambato
CLI-0033,Cliente_33,2025-06-26,251,4,228.09,912.36,Licor,WhatsApp,Quito
CLI-0034,Cliente_34,2025-07-24,223,6,372.22,2233.32,Licor,WhatsApp,Ambato
CLI-0035,Cliente_35,2025-07-23,224,24,304.39,7305.36,Licor,Horeca,Guayaquil
CLI-0036,Cliente_36,2025-10-12,143,15,137.05,2055.75,Destilado,WhatsApp,Cuenca
CLI-0037,Cliente_37,2026-02-17,15,16,428.46,6855.36,Espumante,WhatsApp,Quito
CLI-0038,Cliente_38,2025-09-03,182,9,183.36,1650.24,Licor,Autoservicio,Manta
CLI-0039,Cliente_39,2025-11-26,98,3,135.85,407.55,Destilado,WhatsApp,Manta
CLI-0040,Cliente_40,2025-10-31,124,23,248.52,5715.96,Destilado,WhatsApp,Guayaquil
CLI-0041,Cliente_41,2026-01-15,48,10,126.37,1263.7,Espumante,E-commerce,Manta
CLI-0042,Cliente_42,2025-08-27,189,16,285.67,4570.72,Licor,WhatsApp,Manta
CLI-0043,Cliente_43,2025-09-15,170,12,357.37,4288.44,Licor,E-commerce,Cuenca
CLI-0044,Cliente_44,2025-11-05,119,4,366.22,1464.88,Licor,Autoservicio,Manta
CLI-0045,Cliente_45,2025-03-15,354,6,111.94,671.64,Destilado,E-commerce,Manta
CLI-0046,Cliente_46,2025-06-08,269,20,155.84,3116.8,Vino,Horeca,Cuenca
CLI-0047,Cliente_47,2025-11-07,117,12,106.13,1273.56,Vino,Horeca,Cuenca
CLI-0048,Cliente_48,2026-02-08,24,2,285.61,571.22,Espumante,WhatsApp,Guayaquil
CLI-0049,Cliente_49,2026-02-25,7,19,156.48,2973.12,Destilado,WhatsApp,Cuenca
CLI-0050,Cliente_50,2025-11-29,95,2,141.19,282.38,Destilado,Autoservicio,Guayaquil
CLI-0051,Cliente_51,2025-08-10,206,16,55.56,888.96,Vino,Horeca,Quito
CLI-0052,Cliente_52,2025-05-19,289,10,60.89,608.9,Espumante,Autoservicio,Manta
CLI-0053,Cliente_53,2025-08-02,214,20,306.14,6122.8,Espumante,WhatsApp,Ambato
CLI-0054,Cliente_54,2025-07-20,227,10,432.88,4328.8,Destilado,E-commerce,Manta
CLI-0055,Cliente_55,2025-04-20,318,2,312.62,625.24,Vino,Horeca,Quito
CLI-0056,Cliente_56,2025-10-19,136,22,58.97,1297.34,Espumante,Horeca,Manta
CLI-0057,Cliente_57,2026-01-24,39,6,21.28,127.68,Destilado,WhatsApp,Cuenca
CLI-0058,Cliente_58,2026-02-15,17,8,158.29,1266.32,Licor,WhatsApp,Guayaquil
CLI-0059,Cliente_59,2025-03-17,352,8,463.48,3707.84,Espumante,WhatsApp,Guayaquil
CLI-0060,Cliente_60,2025-05-29,279,8,330.86,2646.88,Licor,Horeca,Guayaquil
CLI-0061,Cliente_61,2026-02-01,31,6,400.46,2402.76,Licor,WhatsApp,Guayaquil
CLI-0062,Cliente_62,2025-07-07,240,23,165.96,3817.08,Destilado,E-commerce,Manta
CLI-0063,Cliente_63,2025-05-31,277,16,230.12,3681.92,Vino,WhatsApp,Cuenca
CLI-0064,Cliente_64,2025-04-28,310,9,32.42,291.78,Espumante,Autoservicio,Cuenca
CLI-0065,Cliente_65,2025-05-12,296,2,386.29,772.58,Espumante,WhatsApp,Manta
CLI-0066,Cliente_66,2025-04-04,334,15,459.71,6895.65,Espumante,WhatsApp,Ambato
CLI-0067,Cliente_67,2026-01-16,47,16,187.02,2992.32,Licor,E-commerce,Guayaquil
CLI-0068,Cliente_68,2025-12-11,83,11,217.59,2393.49,Destilado,E-commerce,Ambato
CLI-0069,Cliente_69,2025-05-26,282,2,238.32,476.64,Licor,E-commerce,Cuenca
CLI-0070,Cliente_70,2026-01-03,60,13,435.16,5657.08,Vino,WhatsApp,Ambato
CLI-0071,Cliente_71,2026-02-04,28,7,268.85,1881.95,Destilado,WhatsApp,Guayaquil
CLI-0072,Cliente_72,2025-11-19,105,9,283.63,2552.67,Licor,WhatsApp,Ambato
CLI-0073,Cliente_73,2025-12-31,63,1,487.11,487.11,Espumante,Horeca,Cuenca
CLI-0074,Cliente_74,2025-05-25,283,1,285.08,285.08,Vino,Horeca,Guayaquil
CLI-0075,Cliente_75,2025-07-10,237,4,330.9,1323.6,Espumante,WhatsApp,Cuenca
CLI-0076,Cliente_76,2025-06-16,261,23,151.24,3478.52,Destilado,WhatsApp,Quito
CLI-0077,Cliente_77,2025-07-13,234,18,89.43,1609.74,Espumante,Horeca,Guayaquil
CLI-0078,Cliente_78,2025-10-13,142,14,183.14,2563.96,Licor,Autoservicio,Cuenca
CLI-0079,Cliente_79,2025-10-02,153,19,298.36,5668.84,Destilado,Horeca,Ambato
CLI-0080,Cliente_80,2025-06-01,276,16,185.66,2970.56,Destilado,WhatsApp,Cuenca
CLI-0081,Cliente_81,2025-11-27,97,23,134.63,3096.49,Destilado,Horeca,Ambato
CLI-0082,Cliente_82,2026-02-09,23,11,377.46,4152.06,Destilado,WhatsApp,Quito
CLI-0083,Cliente_83,2025-06-23,254,2,80.6,161.2,Licor,Autoservicio,Ambato
CLI-0084,Cliente_84,2026-01-11,52,17,457.01,7769.17,Vino,Horeca,Ambato
CLI-0085,Cliente_85,2025-04-02,336,5,55.92,279.6,Licor,E-commerce,Manta
CLI-0086,Cliente_86,2025-03-14,355,13,331.92,4314.96,Licor,WhatsApp,Cuenca
CLI-0087,Cliente_87,2025-04-17,321,23,445.97,10257.31,Destilado,Autoservicio,Manta
CLI-0088,Cliente_88,2026-01-27,36,8,322.96,2583.68,Licor,Horeca,Guayaquil
CLI-0089,Cliente_89,2025-07-24,223,4,384.98,1539.92,Vino,WhatsApp,Quito
CLI-0090,Cliente_90,2025-03-13,356,10,453.64,4536.4,Vino,E-commerce,Guayaquil
CLI-0091,Cliente_91,2025-10-04,151,12,199.92,2399.04,Espumante,Horeca,Manta
CLI-0092,Cliente_92,2025-08-05,211,19,347.26,6597.94,Espumante,Horeca,Quito
CLI-0093,Cliente_93,2026-01-22,41,20,438.0,8760.0,Espumante,WhatsApp,Manta
CLI-0094,Cliente_94,2025-12-20,74,8,241.35,1930.8,Licor,WhatsApp,Cuenca
CLI-0095,Cliente_95,2025-03-27,342,1,451.48,451.48,Destilado,E-commerce,Manta
CLI-0096,Cliente_96,2025-12-13,81,3,232.03,696.09,Licor,E-commerce,Ambato
CLI-0097,Cliente_97,2025-03-15,354,9,239.28,2153.52,Licor,Horeca,Ambato
CLI-0098,Cliente_98,2025-06-29,248,4,133.86,535.44,Licor,E-commerce,Cuenca
CLI-0099,Cliente_99,2026-02-20,12,22,209.99,4619.78,Vino,Autoservicio,Manta
CLI-0100,Cliente_100,2025-06-22,255,10,392.36,3923.6,Espumante,E-commerce,Quito
CLI-0101,Cliente_101,2025-04-12,326,7,318.03,2226.21,Espumante,Autoservicio,Guayaquil
CLI-0102,Cliente_102,2025-09-26,159,15,36.01,540.15,Licor,Horeca,Guayaquil
CLI-0103,Cliente_103,2025-10-03,152,11,378.79,4166.69,Espumante,Horeca,Quito
CLI-0104,Cliente_104,2025-05-31,277,12,274.81,3297.72,Licor,Horeca,Cuenca
CLI-0105,Cliente_105,2025-06-30,247,10,378.35,3783.5,Licor,Autoservicio,Ambato
CLI-0106,Cliente_106,2026-01-24,39,5,381.99,1909.95,Espumante,WhatsApp,Manta
CLI-0107,Cliente_107,2025-08-28,188,3,399.53,1198.59,Vino,E-commerce,Manta
CLI-0108,Cliente_108,2025-12-30,64,15,196.92,2953.8,Licor,WhatsApp,Cuenca
CLI-0109,Cliente_109,2026-01-07,56,22,132.23,2909.06,Vino,E-commerce,Manta
CLI-0110,Cliente_110,2025-11-10,114,21,50.34,1057.14,Destilado,E-commerce,Ambato
CLI-0111,Cliente_111,2026-01-03,60,5,41.77,208.85,Vino,E-commerce,Ambato
CLI-0112,Cliente_112,2026-01-03,60,4,132.7,530.8,Espumante,WhatsApp,Ambato
CLI-0113,Cliente_113,2025-08-26,190,22,475.7,10465.4,Destilado,Horeca,Ambato
CLI-0114,Cliente_114,2025-04-02,336,4,420.17,1680.68,Destilado,E-commerce,Guayaquil
CLI-0115,Cliente_115,2025-03-15,354,12,124.29,1491.48,Destilado,Horeca,Cuenca
CLI-0116,Cliente_116,2026-01-12,51,22,196.32,4319.04,Licor,Autoservicio,Ambato
CLI-0117,Cliente_117,2025-10-13,142,7,484.74,3393.18,Destilado,Autoservicio,Quito
CLI-0118,Cliente_118,2025-04-09,329,21,306.63,6439.23,Vino,Autoservicio,Cuenca
CLI-0119,Cliente_119,2025-10-30,125,5,397.75,1988.75,Espumante,Autoservicio,Manta
CLI-0120,Cliente_120,2025-11-17,107,19,123.66,2349.54,Espumante,E-commerce,Quito
CLI-0121,Cliente_121,2025-05-02,306,1,153.09,153.09,Espumante,Horeca,Manta
CLI-0122,Cliente_122,2025-10-26,129,6,72.76,436.56,Vino,Horeca,Guayaquil
CLI-0123,Cliente_123,2025-09-01,184,8,302.65,2421.2,Vino,Horeca,Cuenca
CLI-0124,Cliente_124,2026-02-05,27,5,376.02,1880.1,Vino,Autoservicio,Ambato
CLI-0125,Cliente_125,2025-07-17,230,12,266.35,3196.2,Vino,WhatsApp,Manta
CLI-0126,Cliente_126,2025-11-10,114,20,40.82,816.4,Licor,WhatsApp,Guayaquil
CLI-0127,Cliente_127,2026-01-31,32,16,426.7,6827.2,Destilado,Autoservicio,Ambato
CLI-0128,Cliente_128,2025-03-04,365,15,55.28,829.2,Vino,E-commerce,Manta
CLI-0129,Cliente_129,2025-12-18,76,3,80.57,241.71,Licor,WhatsApp,Manta
CLI-0130,Cliente_130,2025-06-05,272,10,237.78,2377.8,Destilado,Autoservicio,Guayaquil
CLI-0131,Cliente_131,2025-04-02,336,21,441.3,9267.3,Espumante,WhatsApp,Ambato
CLI-0132,Cliente_132,2025-11-07,117,14,182.69,2557.66,Destilado,WhatsApp,Ambato
CLI-0133,Cliente_133,2026-01-14,49,11,224.85,2473.35,Licor,E-commerce,Quito
CLI-0134,Cliente_134,2025-03-17,352,16,52.22,835.52,Vino,Autoservicio,Ambato
CLI-0135,Cliente_135,2026-01-13,50,24,374.62,8990.88,Espumante,Autoservicio,Manta
CLI-0136,Cliente_136,2025-05-20,288,18,178.23,3208.14,Vino,WhatsApp,Cuenca
CLI-0137,Cliente_137,2025-03-28,341,14,436.68,6113.52,Vino,E-commerce,Manta
CLI-0138,Cliente_138,2025-09-25,160,12,69.73,836.76,Espumante,Horeca,Ambato
CLI-0139,Cliente_139,2025-11-09,115,4,188.05,752.2,Licor,Autoservicio,Cuenca
CLI-0140,Cliente_140,2025-05-14,294,8,407.47,3259.76,Vino,E-commerce,Guayaquil
CLI-0141,Cliente_141,2025-12-01,93,9,357.3,3215.7,Licor,E-commerce,Cuenca
CLI-0142,Cliente_142,2026-02-28,4,6,437.53,2625.18,Destilado,Autoservicio,Quito
CLI-0143,Cliente_143,2025-04-13,325,1,64.04,64.04,Espumante,WhatsApp,Ambato
CLI-0144,Cliente_144,2025-07-14,233,11,95.56,1051.16,Licor,E-commerce,Manta
CLI-0145,Cliente_145,2025-05-02,306,3,444.0,1332.0,Espumante,Horeca,Manta
CLI-0146,Cliente_146,2026-02-06,26,22,59.16,1301.52,Destilado,WhatsApp,Ambato
CLI-0147,Cliente_147,2025-04-27,311,15,218.81,3282.15,Espumante,Autoservicio,Cuenca
CLI-0148,Cliente_148,2025-07-26,221,4,155.96,623.84,Destilado,E-commerce,Guayaquil
CLI-0149,Cliente_149,2025-11-11,113,13,492.53,6402.89,Vino,Autoservicio,Quito
CLI-0150,Cliente_150,2025-09-30,155,7,388.33,2718.31,Licor,E-commerce,Cuenca
CLI-0151,Cliente_151,2026-01-01,62,1,258.74,258.74,Destilado,Horeca,Quito
CLI-0152,Cliente_152,2025-08-21,195,18,357.76,6439.68,Licor,Autoservicio,Ambato
CLI-0153,Cliente_153,2026-02-10,22,14,29.0,406.0,Vino,E-commerce,Manta
CLI-0154,Cliente_154,2025-07-27,220,19,214.12,4068.28,Destilado,E-commerce,Guayaquil
CLI-0155,Cliente_155,2025-08-08,208,1,483.78,483.78,Espumante,WhatsApp,Cuenca
CLI-0156,Cliente_156,2026-01-17,46,14,425.35,5954.9,Espumante,WhatsApp,Manta
CLI-0157,Cliente_157,2025-08-10,206,17,57.75,981.75,Licor,E-commerce,Quito
CLI-0158,Cliente_158,2025-09-14,171,6,56.66,339.96,Vino,Horeca,Cuenca
CLI-0159,Cliente_159,2025-09-05,180,24,479.95,11518.8,Espumante,Horeca,Guayaquil
CLI-0160,Cliente_160,2025-12-19,75,9,114.69,1032.21,Espumante,Autoservicio,Quito
CLI-0161,Cliente_161,2025-04-16,322,16,242.7,3883.2,Destilado,E-commerce,Cuenca
CLI-0162,Cliente_162,2025-12-16,78,15,52.78,791.7,Destilado,E-commerce,Cuenca
CLI-0163,Cliente_163,2025-05-05,303,2,188.93,377.86,Vino,E-commerce,Ambato
CLI-0164,Cliente_164,2025-07-15,232,2,47.31,94.62,Licor,Autoservicio,Guayaquil
CLI-0165,Cliente_165,2025-04-23,315,20,263.39,5267.8,Destilado,Autoservicio,Ambato
CLI-0166,Cliente_166,2025-05-15,293,21,110.35,2317.35,Destilado,Horeca,Guayaquil
CLI-0167,Cliente_167,2025-07-16,231,4,409.26,1637.04,Licor,Autoservicio,Manta
CLI-0168,Cliente_168,2025-04-07,331,6,38.79,232.74,Destilado,WhatsApp,Manta
CLI-0169,Cliente_169,2025-06-09,268,20,96.2,1924.0,Licor,E-commerce,Ambato
CLI-0170,Cliente_170,2025-08-06,210,11,345.87,3804.57,Vino,E-commerce,Guayaquil
CLI-0171,Cliente_171,2025-09-16,169,4,287.82,1151.28,Destilado,E-commerce,Cuenca
CLI-0172,Cliente_172,2025-04-01,337,20,439.17,8783.4,Licor,Autoservicio,Manta
CLI-0173,Cliente_173,2025-03-29,340,5,460.04,2300.2,Licor,WhatsApp,Quito
CLI-0174,Cliente_174,2025-05-03,305,23,470.24,10815.52,Licor,WhatsApp,Cuenca
CLI-0175,Cliente_175,2025-12-28,66,22,357.36,7861.92,Vino,WhatsApp,Manta
CLI-0176,Cliente_176,2025-08-30,186,1,194.05,194.05,Espumante,Horeca,Cuenca
CLI-0177,Cliente_177,2025-06-28,249,7,128.74,901.18,Espumante,Horeca,Guayaquil
CLI-0178,Cliente_178,2025-10-03,152,4,263.69,1054.76,Vino,E-commerce,Manta
CLI-0179,Cliente_179,2025-12-26,68,20,200.83,4016.6,Espumante,Horeca,Manta
CLI-0180,Cliente_180,2025-12-09,85,24,230.08,5521.92,Destilado,E-commerce,Quito
CLI-0181,Cliente_181,2025-07-19,228,20,156.77,3135.4,Destilado,Horeca,Manta
CLI-0182,Cliente_182,2025-11-01,123,10,483.49,4834.9,Destilado,Horeca,Cuenca
CLI-0183,Cliente_183,2025-03-21,348,19,492.53,9358.07,Destilado,E-commerce,Ambato
CLI-0184,Cliente_184,2025-06-19,258,17,220.96,3756.32,Espumante,Horeca,Manta
CLI-0185,Cliente_185,2025-12-23,71,9,45.05,405.45,Destilado,E-commerce,Manta
CLI-0186,Cliente_186,2026-01-10,53,23,426.03,9798.69,Vino,E-commerce,Guayaquil
CLI-0187,Cliente_187,2025-12-11,83,9,235.67,2121.03,Espumante,WhatsApp,Guayaquil
CLI-0188,Cliente_188,2025-11-10,114,15,444.62,6669.3,Vino,WhatsApp,Guayaquil
CLI-0189,Cliente_189,2025-08-13,203,17,199.5,3391.5,Destilado,Autoservicio,Cuenca
CLI-0190,Cliente_190,2025-11-09,115,1,172.97,172.97,Vino,E-commerce,Quito
CLI-0191,Cliente_191,2025-12-23,71,2,157.7,315.4,Destilado,Horeca,Ambato
CLI-0192,Cliente_192,2025-07-17,230,20,22.52,450.4,Vino,Autoservicio,Cuenca
CLI-0193,Cliente_193,2025-11-13,111,5,283.43,1417.15,Destilado,Autoservicio,Cuenca
CLI-0194,Cliente_194,2025-11-02,122,10,78.49,784.9,Espumante,WhatsApp,Manta
CLI-0195,Cliente_195,2025-07-12,235,3,73.21,219.63,Destilado,Autoservicio,Manta
CLI-0196,Cliente_196,2025-05-13,295,8,364.9,2919.2,Licor,WhatsApp,Guayaquil
CLI-0197,Cliente_197,2025-04-23,315,12,135.47,1625.64,Destilado,Horeca,Guayaquil
CLI-0198,Cliente_198,2025-06-08,269,12,52.49,629.88,Vino,WhatsApp,Ambato
CLI-0199,Cliente_199,2026-02-09,23,21,205.7,4319.7,Licor,E-commerce,Guayaquil
CLI-0200,Cliente_200,2025-09-02,183,3,185.51,556.53,Vino,E-commerce,Quito
CLI-0201,Cliente_201,2026-02-09,23,12,282.09,3385.08,Espumante,WhatsApp,Ambato
CLI-0202,Cliente_202,2025-04-14,324,6,409.52,2457.12,Vino,WhatsApp,Guayaquil
CLI-0203,Cliente_203,2025-10-04,151,7,41.03,287.21,Espumante,Autoservicio,Cuenca
CLI-0204,Cliente_204,2025-09-26,159,17,211.15,3589.55,Destilado,E-commerce,Guayaquil
CLI-0205,Cliente_205,2025-04-06,332,7,157.33,1101.31,Vino,E-commerce,Cuenca
CLI-0206,Cliente_206,2025-12-30,64,12,229.74,2756.88,Destilado,WhatsApp,Ambato
CLI-0207,Cliente_207,2025-09-11,174,6,258.18,1549.08,Destilado,E-commerce,Manta
CLI-0208,Cliente_208,2025-10-18,137,3,369.0,1107.0,Vino,WhatsApp,Manta
CLI-0209,Cliente_209,2025-12-01,93,18,161.01,2898.18,Vino,Autoservicio,Cuenca
CLI-0210,Cliente_210,2025-03-30,339,10,167.12,1671.2,Destilado,Horeca,Ambato
CLI-0211,Cliente_211,2025-09-05,180,15,40.33,604.95,Licor,WhatsApp,Cuenca
CLI-0212,Cliente_212,2025-04-10,328,2,56.02,112.04,Destilado,E-commerce,Manta
CLI-0213,Cliente_213,2025-03-21,348,6,477.34,2864.04,Espumante,WhatsApp,Guayaquil
CLI-0214,Cliente_214,2025-12-29,65,3,133.28,399.84,Licor,E-commerce,Ambato
CLI-0215,Cliente_215,2025-05-17,291,2,310.45,620.9,Destilado,E-commerce,Cuenca
CLI-0216,Cliente_216,2025-07-19,228,3,295.48,886.44,Licor,WhatsApp,Cuenca
CLI-0217,Cliente_217,2025-04-05,333,9,139.81,1258.29,Vino,Autoservicio,Quito
CLI-0218,Cliente_218,2025-06-21,256,17,205.75,3497.75,Vino,E-commerce,Cuenca
CLI-0219,Cliente_219,2025-03-08,361,15,122.99,1844.85,Licor,WhatsApp,Quito
CLI-0220,Cliente_220,2025-12-31,63,5,429.36,2146.8,Destilado,Horeca,Ambato
CLI-0221,Cliente_221,2026-01-18,45,22,484.43,10657.46,Licor,E-commerce,Guayaquil
CLI-0222,Cliente_222,2025-05-26,282,18,159.37,2868.66,Licor,Horeca,Quito
CLI-0223,Cliente_223,2025-08-30,186,17,127.64,2169.88,Espumante,Horeca,Quito
CLI-0224,Cliente_224,2025-06-24,253,1,193.23,193.23,Licor,WhatsApp,Manta
CLI-0225,Cliente_225,2025-12-27,67,20,444.44,8888.8,Vino,E-commerce,Ambato
CLI-0226,Cliente_226,2025-07-01,246,17,217.18,3692.06,Destilado,Autoservicio,Quito
CLI-0227,Cliente_227,2025-09-22,163,21,55.6,1167.6,Destilado,E-commerce,Quito
CLI-0228,Cliente_228,2025-05-25,283,21,302.14,6344.94,Espumante,WhatsApp,Manta
CLI-0229,Cliente_229,2026-02-03,29,4,268.69,1074.76,Licor,Horeca,Quito
CLI-0230,Cliente_230,2025-09-19,166,23,128.23,2949.29,Licor,Autoservicio,Cuenca
CLI-0231,Cliente_231,2025-11-23,101,21,479.05,10060.05,Licor,Horeca,Cuenca
CLI-0232,Cliente_232,2025-04-23,315,18,64.85,1167.3,Espumante,Horeca,Quito
CLI-0233,Cliente_233,2025-03-31,338,20,365.9,7318.0,Licor,Autoservicio,Guayaquil
CLI-0234,Cliente_234,2026-01-21,42,2,475.3,950.6,Licor,Horeca,Manta
CLI-0235,Cliente_235,2025-08-02,214,20,326.72,6534.4,Destilado,E-commerce,Cuenca
CLI-0236,Cliente_236,2025-06-29,248,8,406.25,3250.0,Destilado,E-commerce,Ambato
CLI-0237,Cliente_237,2026-01-25,38,23,48.76,1121.48,Destilado,WhatsApp,Ambato
CLI-0238,Cliente_238,2025-07-09,238,7,183.29,1283.03,Espumante,E-commerce,Cuenca
CLI-0239,Cliente_239,2025-09-08,177,13,82.77,1076.01,Licor,Autoservicio,Cuenca
CLI-0240,Cliente_240,2025-10-31,124,15,78.81,1182.15,Destilado,Horeca,Quito
CLI-0241,Cliente_241,2026-01-13,50,2,159.3,318.6,Destilado,WhatsApp,Quito
CLI-0242,Cliente_242,2025-12-12,82,11,468.2,5150.2,Licor,Horeca,Quito
CLI-0243,Cliente_243,2025-06-21,256,17,244.07,4149.19,Licor,WhatsApp,Guayaquil
CLI-0244,Cliente_244,2026-01-16,47,13,262.61,3413.93,Espumante,Horeca,Manta
CLI-0245,Cliente_245,2025-09-04,181,2,44.26,88.52,Destilado,WhatsApp,Cuenca
CLI-0246,Cliente_246,2025-06-02,275,1,426.64,426.64,Destilado,Horeca,Cuenca
CLI-0247,Cliente_247,2025-08-28,188,13,195.65,2543.45,Destilado,Autoservicio,Manta
CLI-0248,Cliente_248,2025-05-20,288,7,194.01,1358.07,Licor,Autoservicio,Ambato
CLI-0249,Cliente_249,2025-06-18,259,15,386.91,5803.65,Licor,Autoservicio,Quito
CLI-0250,Cliente_250,2026-01-13,50,13,199.14,2588.82,Licor,E-commerce,Quito
CLI-0251,Cliente_251,2025-11-22,102,20,264.38,5287.6,Vino,Autoservicio,Guayaquil
CLI-0252,Cliente_252,2025-12-23,71,23,179.86,4136.78,Destilado,WhatsApp,Quito
CLI-0253,Cliente_253,2025-04-27,311,17,87.09,1480.53,Licor,Horeca,Ambato
CLI-0254,Cliente_254,2025-04-22,316,24,424.45,10186.8,Licor,WhatsApp,Manta
CLI-0255,Cliente_255,2025-10-01,154,16,411.56,6584.96,Licor,E-commerce,Guayaquil
CLI-0256,Cliente_256,2025-08-02,214,19,167.69,3186.11,Vino,WhatsApp,Cuenca
CLI-0257,Cliente_257,2025-04-02,336,19,297.26,5647.94,Vino,WhatsApp,Quito
CLI-0258,Cliente_258,2025-06-08,269,21,366.17,7689.57,Destilado,Horeca,Quito
CLI-0259,Cliente_259,2026-02-15,17,19,475.14,9027.66,Vino,Horeca,Guayaquil
CLI-0260,Cliente_260,2025-07-21,226,11,221.01,2431.11,Destilado,Horeca,Ambato
CLI-0261,Cliente_261,2025-06-20,257,20,461.85,9237.0,Vino,Horeca,Manta
CLI-0262,Cliente_262,2025-11-17,107,18,176.02,3168.36,Destilado,WhatsApp,Cuenca
CLI-0263,Cliente_263,2025-12-05,89,15,457.82,6867.3,Licor,E-commerce,Cuenca
CLI-0264,Cliente_264,2025-04-25,313,16,112.29,1796.64,Espumante,E-commerce,Manta
CLI-0265,Cliente_265,2025-10-02,153,8,471.91,3775.28,Licor,E-commerce,Quito
CLI-0266,Cliente_266,2025-03-15,354,23,254.72,5858.56,Destilado,E-commerce,Manta
CLI-0267,Cliente_267,2025-10-14,141,10,78.5,785.0,Destilado,WhatsApp,Cuenca
CLI-0268,Cliente_268,2025-12-19,75,10,40.19,401.9,Vino,E-commerce,Ambato
CLI-0269,Cliente_269,2025-04-02,336,9,378.72,3408.48,Espumante,Horeca,Manta
CLI-0270,Cliente_270,2025-10-16,139,18,354.16,6374.88,Espumante,Autoservicio,Manta
CLI-0271,Cliente_271,2025-05-07,301,8,136.38,1091.04,Espumante,Horeca,Guayaquil
CLI-0272,Cliente_272,2026-01-11,52,14,178.54,2499.56,Destilado,Autoservicio,Quito
CLI-0273,Cliente_273,2026-03-01,3,18,489.4,8809.2,Espumante,WhatsApp,Ambato
CLI-0274,Cliente_274,2025-07-02,245,21,115.74,2430.54,Licor,E-commerce,Cuenca
CLI-0275,Cliente_275,2025-04-07,331,2,455.81,911.62,Vino,Horeca,Manta
CLI-0276,Cliente_276,2026-02-12,20,6,220.58,1323.48,Espumante,Autoservicio,Ambato
CLI-0277,Cliente_277,2025-06-23,254,6,469.57,2817.42,Licor,Autoservicio,Guayaquil
CLI-0278,Cliente_278,2025-10-02,153,19,309.34,5877.46,Licor,E-commerce,Ambato
CLI-0279,Cliente_279,2025-04-09,329,18,271.67,4890.06,Espumante,WhatsApp,Cuenca
CLI-0280,Cliente_280,2025-11-25,99,4,178.73,714.92,Destilado,E-commerce,Quito
CLI-0281,Cliente_281,2026-02-24,8,24,181.81,4363.44,Licor,Horeca,Quito
CLI-0282,Cliente_282,2025-04-25,313,21,450.58,9462.18,Destilado,E-commerce,Guayaquil
CLI-0283,Cliente_283,2025-08-10,206,22,65.78,1447.16,Espumante,WhatsApp,Cuenca
CLI-0284,Cliente_284,2025-10-27,128,1,145.18,145.18,Espumante,WhatsApp,Cuenca
CLI-0285,Cliente_285,2025-09-16,169,10,299.58,2995.8,Vino,E-commerce,Cuenca
CLI-0286,Cliente_286,2025-03-14,355,8,49.82,398.56,Vino,WhatsApp,Cuenca
CLI-0287,Cliente_287,2025-12-12,82,13,349.32,4541.16,Licor,Autoservicio,Cuenca
CLI-0288,Cliente_288,2025-08-27,189,20,126.01,2520.2,Espumante,WhatsApp,Quito
CLI-0289,Cliente_289,2025-07-14,233,24,494.64,11871.36,Licor,WhatsApp,Manta
CLI-0290,Cliente_290,2025-07-05,242,18,404.96,7289.28,Espumante,Horeca,Manta
CLI-0291,Cliente_291,2026-01-21,42,17,234.44,3985.48,Licor,Autoservicio,Manta
CLI-0292,Cliente_292,2026-01-05,58,2,417.81,835.62,Espumante,Horeca,Quito
CLI-0293,Cliente_293,2025-09-17,168,17,232.08,3945.36,Espumante,WhatsApp,Guayaquil
CLI-0294,Cliente_294,2025-06-15,262,15,408.17,6122.55,Destilado,Horeca,Manta
CLI-0295,Cliente_295,2025-08-03,213,15,290.68,4360.2,Destilado,E-commerce,Guayaquil
CLI-0296,Cliente_296,2025-08-13,203,9,411.9,3707.1,Espumante,Autoservicio,Guayaquil
CLI-0297,Cliente_297,2025-07-30,217,12,356.18,4274.16,Vino,Autoservicio,Ambato
CLI-0298,Cliente_298,2026-02-15,17,10,216.26,2162.6,Espumante,WhatsApp,Cuenca
CLI-0299,Cliente_299,2025-08-20,196,15,437.42,6561.3,Destilado,WhatsApp,Guayaquil
CLI-0300,Cliente_300,2025-03-19,350,22,439.79,9675.38,Espumante,E-commerce,Guayaquil
CLI-0301,Cliente_301,2025-12-02,92,18,208.67,3756.06,Espumante,Horeca,Guayaquil
CLI-0302,Cliente_302,2026-02-20,12,10,242.24,2422.4,Destilado,WhatsApp,Quito
CLI-0303,Cliente_303,2025-10-28,127,15,186.16,2792.4,Licor,Horeca,Guayaquil
CLI-0304,Cliente_304,2026-02-15,17,22,221.24,4867.28,Vino,Horeca,Quito
CLI-0305,Cliente_305,2026-01-28,35,4,305.09,1220.36,Destilado,Autoservicio,Quito
CLI-0306,Cliente_306,2026-02-09,23,13,230.7,2999.1,Espumante,Autoservicio,Quito
CLI-0307,Cliente_307,2025-06-19,258,10,132.4,1324.0,Licor,E-commerce,Quito
CLI-0308,Cliente_308,2025-09-30,155,5,493.13,2465.65,Espumante,WhatsApp,Cuenca
CLI-0309,Cliente_309,2025-10-14,141,2,287.22,574.44,Espumante,WhatsApp,Manta
CLI-0310,Cliente_310,2025-06-23,254,2,486.7,973.4,Destilado,E-commerce,Ambato
CLI-0311,Cliente_311,2025-08-06,210,5,163.95,819.75,Espumante,WhatsApp,Quito
CLI-0312,Cliente_312,2025-11-08,116,10,431.62,4316.2,Espumante,WhatsApp,Guayaquil
CLI-0313,Cliente_313,2025-05-20,288,14,484.54,6783.56,Espumante,WhatsApp,Quito
CLI-0314,Cliente_314,2025-10-24,131,7,178.53,1249.71,Vino,WhatsApp,Cuenca
CLI-0315,Cliente_315,2026-01-15,48,18,367.8,6620.4,Espumante,Autoservicio,Cuenca
CLI-0316,Cliente_316,2025-08-22,194,22,310.39,6828.58,Vino,Autoservicio,Quito
CLI-0317,Cliente_317,2025-05-07,301,24,342.3,8215.2,Espumante,WhatsApp,Quito
CLI-0318,Cliente_318,2025-09-14,171,10,479.37,4793.7,Vino,Horeca,Quito
CLI-0319,Cliente_319,2026-01-02,61,24,499.79,11994.96,Destilado,Horeca,Manta
CLI-0320,Cliente_320,2025-03-08,361,7,210.38,1472.66,Espumante,E-commerce,Cuenca
CLI-0321,Cliente_321,2025-08-21,195,15,276.15,4142.25,Licor,E-commerce,Cuenca
CLI-0322,Cliente_322,2025-08-31,185,17,443.75,7543.75,Destilado,Autoservicio,Ambato
CLI-0323,Cliente_323,2025-09-21,164,7,197.94,1385.58,Destilado,Autoservicio,Manta
CLI-0324,Cliente_324,2025-11-10,114,24,90.04,2160.96,Licor,WhatsApp,Cuenca
CLI-0325,Cliente_325,2025-12-15,79,7,178.34,1248.38,Destilado,Horeca,Ambato
CLI-0326,Cliente_326,2025-05-26,282,21,472.86,9930.06,Licor,E-commerce,Ambato
CLI-0327,Cliente_327,2025-04-09,329,24,255.49,6131.76,Espumante,E-commerce,Quito
CLI-0328,Cliente_328,2025-12-22,72,24,282.34,6776.16,Espumante,Autoservicio,Manta
CLI-0329,Cliente_329,2026-02-14,18,3,473.69,1421.07,Vino,Autoservicio,Ambato
CLI-0330,Cliente_330,2025-12-23,71,21,131.09,2752.89,Espumante,Autoservicio,Quito
CLI-0331,Cliente_331,2025-06-18,259,15,199.14,2987.1,Destilado,WhatsApp,Guayaquil
CLI-0332,Cliente_332,2026-02-28,4,18,284.79,5126.22,Vino,Autoservicio,Manta
CLI-0333,Cliente_333,2025-10-14,141,18,489.19,8805.42,Vino,WhatsApp,Quito
CLI-0334,Cliente_334,2026-01-08,55,4,271.7,1086.8,Espumante,Horeca,Manta
CLI-0335,Cliente_335,2025-06-07,270,9,411.3,3701.7,Licor,WhatsApp,Guayaquil
CLI-0336,Cliente_336,2025-08-24,192,13,240.32,3124.16,Espumante,Horeca,Cuenca
CLI-0337,Cliente_337,2025-03-18,351,3,333.79,1001.37,Vino,Autoservicio,Ambato
CLI-0338,Cliente_338,2025-08-21,195,13,285.3,3708.9,Vino,Autoservicio,Quito
CLI-0339,Cliente_339,2026-01-20,43,16,425.76,6812.16,Licor,Autoservicio,Manta
CLI-0340,Cliente_340,2026-02-10,22,8,121.48,971.84,Destilado,E-commerce,Guayaquil
CLI-0341,Cliente_341,2026-01-24,39,22,464.28,10214.16,Vino,Horeca,Cuenca
CLI-0342,Cliente_342,2026-02-23,9,7,301.78,2112.46,Destilado,Autoservicio,Cuenca
CLI-0343,Cliente_343,2025-12-10,84,19,135.43,2573.17,Destilado,E-commerce,Ambato
CLI-0344,Cliente_344,2025-12-22,72,23,367.6,8454.8,Licor,Autoservicio,Guayaquil
CLI-0345,Cliente_345,2025-07-23,224,8,422.56,3380.48,Licor,WhatsApp,Cuenca
CLI-0346,Cliente_346,2026-02-16,16,21,151.2,3175.2,Destilado,WhatsApp,Quito
CLI-0347,Cliente_347,2025-09-02,183,18,471.75,8491.5,Destilado,Horeca,Manta
CLI-0348,Cliente_348,2025-03-30,339,13,61.13,794.69,Licor,Horeca,Guayaquil
CLI-0349,Cliente_349,2026-01-20,43,9,94.03,846.27,Espumante,WhatsApp,Cuenca
CLI-0350,Cliente_350,2025-08-31,185,4,63.93,255.72,Licor,WhatsApp,Cuenca
CLI-0351,Cliente_351,2025-10-16,139,4,83.6,334.4,Espumante,WhatsApp,Ambato
CLI-0352,Cliente_352,2025-05-22,286,18,265.97,4787.46,Vino,Autoservicio,Guayaquil
CLI-0353,Cliente_353,2025-09-03,182,18,64.67,1164.06,Licor,WhatsApp,Guayaquil
CLI-0354,Cliente_354,2025-10-05,150,14,206.14,2885.96,Vino,Horeca,Manta
CLI-0355,Cliente_355,2025-06-10,267,6,348.95,2093.7,Espumante,Horeca,Cuenca
CLI-0356,Cliente_356,2025-09-30,155,9,256.7,2310.3,Vino,Horeca,Ambato
CLI-0357,Cliente_357,2025-10-13,142,14,163.88,2294.32,Vino,E-commerce,Cuenca
CLI-0358,Cliente_358,2025-10-28,127,24,320.02,7680.48,Espumante,WhatsApp,Guayaquil
CLI-0359,Cliente_359,2025-12-24,70,10,23.25,232.5,Destilado,E-commerce,Manta
CLI-0360,Cliente_360,2025-08-21,195,11,231.31,2544.41,Destilado,Horeca,Cuenca
CLI-0361,Cliente_361,2025-09-20,165,20,474.69,9493.8,Espumante,WhatsApp,Cuenca
CLI-0362,Cliente_362,2025-12-03,91,13,484.99,6304.87,Licor,WhatsApp,Manta
CLI-0363,Cliente_363,2025-10-30,125,11,200.51,2205.61,Destilado,E-commerce,Guayaquil
CLI-0364,Cliente_364,2025-05-19,289,7,304.27,2129.89,Espumante,Autoservicio,Ambato
CLI-0365,Cliente_365,2025-03-06,363,7,230.46,1613.22,Licor,Autoservicio,Ambato
CLI-0366,Cliente_366,2025-03-24,345,16,86.81,1388.96,Licor,Horeca,Cuenca
CLI-0367,Cliente_367,2025-03-31,338,5,363.31,1816.55,Destilado,Autoservicio,Ambato
CLI-0368,Cliente_368,2025-05-01,307,16,299.48,4791.68,Destilado,Autoservicio,Cuenca
CLI-0369,Cliente_369,2025-03-09,360,18,305.03,5490.54,Vino,Autoservicio,Quito
CLI-0370,Cliente_370,2025-04-01,337,22,190.4,4188.8,Vino,WhatsApp,Cuenca
CLI-0371,Cliente_371,2025-07-26,221,4,25.06,100.24,Licor,Horeca,Manta
CLI-0372,Cliente_372,2025-06-11,266,18,298.65,5375.7,Espumante,WhatsApp,Cuenca
CLI-0373,Cliente_373,2025-08-15,201,15,390.72,5860.8,Espumante,E-commerce,Guayaquil
CLI-0374,Cliente_374,2025-06-29,248,4,161.81,647.24,Vino,Autoservicio,Quito
CLI-0375,Cliente_375,2025-09-06,179,10,184.67,1846.7,Espumante,WhatsApp,Cuenca
CLI-0376,Cliente_376,2025-07-03,244,4,230.32,921.28,Destilado,E-commerce,Guayaquil
CLI-0377,Cliente_377,2025-10-01,154,2,408.89,817.78,Vino,Autoservicio,Cuenca
CLI-0378,Cliente_378,2025-04-06,332,4,345.03,1380.12,Espumante,Horeca,Manta
CLI-0379,Cliente_379,2025-12-04,90,18,96.87,1743.66,Destilado,WhatsApp,Quito
CLI-0380,Cliente_380,2025-08-08,208,21,108.54,2279.34,Destilado,WhatsApp,Guayaquil
CLI-0381,Cliente_381,2025-04-23,315,7,235.8,1650.6,Destilado,WhatsApp,Guayaquil
CLI-0382,Cliente_382,2025-03-08,361,7,118.78,831.46,Vino,Autoservicio,Manta
CLI-0383,Cliente_383,2025-11-28,96,12,176.47,2117.64,Destilado,Autoservicio,Cuenca
CLI-0384,Cliente_384,2025-03-25,344,16,273.3,4372.8,Licor,WhatsApp,Manta
CLI-0385,Cliente_385,2025-08-15,201,19,74.83,1421.77,Licor,WhatsApp,Manta
CLI-0386,Cliente_386,2025-12-05,89,22,358.87,7895.14,Licor,Autoservicio,Quito
CLI-0387,Cliente_387,2025-09-24,161,4,134.51,538.04,Vino,Horeca,Cuenca
CLI-0388,Cliente_388,2025-03-13,356,5,265.2,1326.0,Destilado,Horeca,Manta
CLI-0389,Cliente_389,2025-08-19,197,14,109.16,1528.24,Espumante,Horeca,Ambato
CLI-0390,Cliente_390,2025-10-07,148,5,109.81,549.05,Destilado,Autoservicio,Cuenca
CLI-0391,Cliente_391,2026-02-27,5,16,85.54,1368.64,Destilado,WhatsApp,Ambato
CLI-0392,Cliente_392,2025-03-18,351,16,219.5,3512.0,Destilado,WhatsApp,Quito
CLI-0393,Cliente_393,2026-01-20,43,19,34.81,661.39,Espumante,E-commerce,Guayaquil
CLI-0394,Cliente_394,2025-10-14,141,8,278.05,2224.4,Espumante,WhatsApp,Manta
CLI-0395,Cliente_395,2025-06-23,254,18,265.19,4773.42,Vino,E-commerce,Manta
CLI-0396,Cliente_396,2025-08-28,188,18,414.85,7467.3,Vino,WhatsApp,Manta
CLI-0397,Cliente_397,2025-11-12,112,14,69.16,968.24,Espumante,E-commerce,Guayaquil
CLI-0398,Cliente_398,2025-07-16,231,9,187.32,1685.88,Vino,WhatsApp,Guayaquil
CLI-0399,Cliente_399,2025-11-02,122,7,409.14,2863.98,Licor,WhatsApp,Quito
CLI-0400,Cliente_400,2025-04-22,316,5,396.73,1983.65,Espumante,Autoservicio,Manta
CLI-0401,Cliente_401,2025-09-05,180,18,154.92,2788.56,Espumante,E-commerce,Cuenca
CLI-0402,Cliente_402,2025-10-06,149,19,148.32,2818.08,Vino,Horeca,Ambato
CLI-0403,Cliente_403,2026-02-01,31,9,436.18,3925.62,Espumante,Horeca,Quito
CLI-0404,Cliente_404,2025-12-19,75,23,174.61,4016.03,Espumante,WhatsApp,Ambato
CLI-0405,Cliente_405,2025-12-21,73,19,323.55,6147.45,Destilado,WhatsApp,Ambato
CLI-0406,Cliente_406,2026-01-24,39,21,401.41,8429.61,Vino,WhatsApp,Manta
CLI-0407,Cliente_407,2025-10-12,143,23,469.44,10797.12,Licor,WhatsApp,Ambato
CLI-0408,Cliente_408,2025-09-17,168,19,21.19,402.61,Vino,WhatsApp,Cuenca
CLI-0409,Cliente_409,2026-01-30,33,18,210.9,3796.2,Destilado,Horeca,Ambato
CLI-0410,Cliente_410,2025-10-17,138,11,417.6,4593.6,Licor,Horeca,Manta
CLI-0411,Cliente_411,2025-06-28,249,11,449.19,4941.09,Vino,Autoservicio,Guayaquil
CLI-0412,Cliente_412,2025-04-17,321,15,27.82,417.3,Espumante,WhatsApp,Ambato
CLI-0413,Cliente_413,2026-03-03,1,14,117.11,1639.54,Espumante,E-commerce,Quito
CLI-0414,Cliente_414,2025-10-14,141,3,334.2,1002.6,Licor,Autoservicio,Cuenca
CLI-0415,Cliente_415,2025-03-28,341,21,99.45,2088.45,Destilado,E-commerce,Quito
CLI-0416,Cliente_416,2025-07-27,220,21,63.78,1339.38,Vino,Autoservicio,Quito
CLI-0417,Cliente_417,2025-07-02,245,3,83.7,251.1,Espumante,WhatsApp,Guayaquil
CLI-0418,Cliente_418,2026-02-27,5,23,184.92,4253.16,Vino,WhatsApp,Quito
CLI-0419,Cliente_419,2025-07-02,245,3,129.89,389.67,Vino,Autoservicio,Guayaquil
CLI-0420,Cliente_420,2025-09-24,161,12,442.87,5314.44,Espumante,WhatsApp,Quito
CLI-0421,Cliente_421,2025-04-09,329,22,88.57,1948.54,Vino,Horeca,Ambato
CLI-0422,Cliente_422,2025-09-05,180,24,122.27,2934.48,Espumante,WhatsApp,Manta
CLI-0423,Cliente_423,2025-03-17,352,15,432.78,6491.7,Vino,Autoservicio,Quito
CLI-0424,Cliente_424,2025-12-30,64,19,370.4,7037.6,Licor,WhatsApp,Cuenca
CLI-0425,Cliente_425,2025-12-22,72,8,152.94,1223.52,Vino,Horeca,Manta
CLI-0426,Cliente_426,2025-04-30,308,20,366.17,7323.4,Licor,Autoservicio,Cuenca
CLI-0427,Cliente_427,2025-11-18,106,17,311.32,5292.44,Espumante,WhatsApp,Cuenca
CLI-0428,Cliente_428,2025-04-07,331,2,396.22,792.44,Espumante,WhatsApp,Ambato
CLI-0429,Cliente_429,2026-01-05,58,8,259.8,2078.4,Vino,Autoservicio,Cuenca
CLI-0430,Cliente_430,2025-09-22,163,5,205.68,1028.4,Destilado,E-commerce,Manta
CLI-0431,Cliente_431,2025-03-19,350,6,386.11,2316.66,Vino,Autoservicio,Manta
CLI-0432,Cliente_432,2026-01-28,35,1,145.85,145.85,Vino,Autoservicio,Ambato
CLI-0433,Cliente_433,2025-06-17,260,10,321.71,3217.1,Destilado,WhatsApp,Ambato
CLI-0434,Cliente_434,2026-01-20,43,21,277.55,5828.55,Espumante,E-commerce,Guayaquil
CLI-0435,Cliente_435,2025-09-26,159,3,265.43,796.29,Espumante,Horeca,Manta
CLI-0436,Cliente_436,2025-09-17,168,13,301.49,3919.37,Vino,E-commerce,Ambato
CLI-0437,Cliente_437,2025-11-01,123,2,137.35,274.7,Destilado,Autoservicio,Ambato
CLI-0438,Cliente_438,2025-04-24,314,20,46.41,928.2,Espumante,Autoservicio,Guayaquil
CLI-0439,Cliente_439,2025-03-06,363,5,356.72,1783.6,Espumante,WhatsApp,Cuenca
CLI-0440,Cliente_440,2025-06-09,268,17,395.83,6729.11,Licor,Horeca,Cuenca
CLI-0441,Cliente_441,2025-12-29,65,24,394.94,9478.56,Licor,Autoservicio,Guayaquil
CLI-0442,Cliente_442,2025-09-13,172,14,150.55,2107.7,Vino,E-commerce,Manta
CLI-0443,Cliente_443,2025-04-16,322,3,258.15,774.45,Licor,Autoservicio,Ambato
CLI-0444,Cliente_444,2025-05-17,291,6,196.49,1178.94,Licor,Autoservicio,Manta
CLI-0445,Cliente_445,2025-03-23,346,24,75.36,1808.64,Vino,Autoservicio,Guayaquil
CLI-0446,Cliente_446,2025-10-29,126,2,246.45,492.9,Destilado,Horeca,Quito
CLI-0447,Cliente_447,2026-02-13,19,18,405.5,7299.0,Destilado,Horeca,Cuenca
CLI-0448,Cliente_448,2025-10-27,128,14,459.61,6434.54,Licor,E-commerce,Guayaquil
CLI-0449,Cliente_449,2025-05-15,293,12,77.31,927.72,Vino,Horeca,Quito
CLI-0450,Cliente_450,2025-06-12,265,2,477.96,955.92,Vino,WhatsApp,Cuenca
CLI-0451,Cliente_451,2025-09-25,160,11,61.47,676.17,Destilado,Autoservicio,Cuenca
CLI-0452,Cliente_452,2025-11-21,103,10,290.63,2906.3,Licor,Horeca,Ambato
CLI-0453,Cliente_453,2025-08-27,189,19,486.49,9243.31,Espumante,Horeca,Quito
CLI-0454,Cliente_454,2026-02-28,4,14,31.48,440.72,Licor,Autoservicio,Cuenca
CLI-0455,Cliente_455,2026-03-03,1,22,200.61,4413.42,Licor,Autoservicio,Quito
CLI-0456,Cliente_456,2025-06-05,272,8,221.51,1772.08,Vino,Horeca,Cuenca
CLI-0457,Cliente_457,2026-01-15,48,2,462.21,924.42,Destilado,E-commerce,Ambato
CLI-0458,Cliente_458,2026-01-19,44,19,65.88,1251.72,Espumante,WhatsApp,Guayaquil
CLI-0459,Cliente_459,2025-05-04,304,19,49.9,948.1,Espumante,Horeca,Cuenca
CLI-0460,Cliente_460,2025-10-21,134,11,464.5,5109.5,Destilado,E-commerce,Cuenca
CLI-0461,Cliente_461,2025-07-15,232,9,132.13,1189.17,Espumante,Horeca,Manta
CLI-0462,Cliente_462,2026-01-07,56,5,70.72,353.6,Destilado,WhatsApp,Cuenca
CLI-0463,Cliente_463,2025-08-07,209,4,277.24,1108.96,Espumante,WhatsApp,Cuenca
CLI-0464,Cliente_464,2025-07-09,238,9,429.19,3862.71,Vino,Horeca,Cuenca
CLI-0465,Cliente_465,2025-03-08,361,23,309.59,7120.57,Espumante,E-commerce,Quito
CLI-0466,Cliente_466,2026-01-16,47,23,139.15,3200.45,Licor,WhatsApp,Manta
CLI-0467,Cliente_467,2026-02-06,26,22,163.44,3595.68,Espumante,Autoservicio,Ambato
CLI-0468,Cliente_468,2025-07-15,232,18,379.08,6823.44,Espumante,Autoservicio,Ambato
CLI-0469,Cliente_469,2026-01-10,53,5,78.3,391.5,Vino,Horeca,Quito
CLI-0470,Cliente_470,2025-11-22,102,13,198.68,2582.84,Vino,E-commerce,Guayaquil
CLI-0471,Cliente_471,2026-02-20,12,3,114.92,344.76,Destilado,Horeca,Guayaquil
CLI-0472,Cliente_472,2025-09-15,170,4,40.49,161.96,Destilado,Autoservicio,Quito
CLI-0473,Cliente_473,2025-05-14,294,14,414.41,5801.74,Destilado,WhatsApp,Guayaquil
CLI-0474,Cliente_474,2025-08-20,196,22,224.8,4945.6,Licor,Horeca,Quito
CLI-0475,Cliente_475,2025-10-14,141,9,234.09,2106.81,Espumante,Autoservicio,Manta
CLI-0476,Cliente_476,2025-04-20,318,20,137.98,2759.6,Licor,WhatsApp,Ambato
CLI-0477,Cliente_477,2025-05-26,282,16,49.27,788.32,Licor,WhatsApp,Quito
CLI-0478,Cliente_478,2025-08-01,215,7,328.47,2299.29,Espumante,Autoservicio,Ambato
CLI-0479,Cliente_479,2025-09-01,184,16,281.37,4501.92,Destilado,E-commerce,Manta
CLI-0480,Cliente_480,2025-06-19,258,11,206.42,2270.62,Espumante,Autoservicio,Cuenca
CLI-0481,Cliente_481,2025-05-02,306,8,34.07,272.56,Licor,Autoservicio,Ambato
CLI-0482,Cliente_482,2025-06-05,272,12,388.08,4656.96,Espumante,Horeca,Guayaquil
CLI-0483,Cliente_483,2025-10-28,127,22,135.75,2986.5,Vino,Horeca,Manta
CLI-0484,Cliente_484,2025-08-17,199,12,468.9,5626.8,Espumante,Horeca,Quito
CLI-0485,Cliente_485,2025-05-04,304,11,406.98,4476.78,Licor,Autoservicio,Cuenca
CLI-0486,Cliente_486,2025-05-17,291,19,88.21,1675.99,Espumante,WhatsApp,Manta
CLI-0487,Cliente_487,2025-09-26,159,6,255.41,1532.46,Vino,Autoservicio,Quito
CLI-0488,Cliente_488,2025-04-29,309,8,29.57,236.56,Destilado,Autoservicio,Cuenca
CLI-0489,Cliente_489,2025-04-23,315,7,407.09,2849.63,Licor,Horeca,Cuenca
CLI-0490,Cliente_490,2026-02-01,31,1,90.9,90.9,Espumante,Autoservicio,Manta
CLI-0491,Cliente_491,2025-08-29,187,3,199.32,597.96,Destilado,Autoservicio,Cuenca
CLI-0492,Cliente_492,2025-09-30,155,11,85.5,940.5,Espumante,WhatsApp,Ambato
CLI-0493,Cliente_493,2025-04-05,333,11,103.62,1139.82,Licor,Horeca,Manta
CLI-0494,Cliente_494,2025-12-04,90,13,167.28,2174.64,Licor,Horeca,Quito
CLI-0495,Cliente_495,2026-03-03,1,23,475.38,10933.74,Destilado,Autoservicio,Quito
CLI-0496,Cliente_496,2025-04-29,309,11,462.1,5083.1,Espumante,Autoservicio,Ambato
CLI-0497,Cliente_497,2025-12-21,73,11,377.76,4155.36,Espumante,E-commerce,Cuenca
CLI-0498,Cliente_498,2025-12-08,86,21,444.95,9343.95,Vino,E-commerce,Ambato
CLI-0499,Cliente_499,2026-02-26,6,9,120.65,1085.85,Vino,E-commerce,Cuenca
CLI-0500,Cliente_500,2026-01-07,56,24,20.61,494.64,Destilado,WhatsApp,Ambato
CLI-0501,Cliente_501,2025-12-08,86,14,256.68,3593.52,Destilado,E-commerce,Manta
CLI-0502,Cliente_502,2025-08-23,193,4,417.83,1671.32,Espumante,Horeca,Ambato
CLI-0503,Cliente_503,2026-01-25,38,2,161.56,323.12,Licor,E-commerce,Guayaquil
CLI-0504,Cliente_504,2026-01-25,38,11,101.65,1118.15,Destilado,Horeca,Guayaquil
CLI-0505,Cliente_505,2025-05-27,281,3,182.22,546.66,Destilado,Autoservicio,Ambato
CLI-0506,Cliente_506,2025-04-03,335,6,311.51,1869.06,Destilado,Horeca,Guayaquil
CLI-0507,Cliente_507,2026-01-11,52,11,118.66,1305.26,Espumante,WhatsApp,Manta
CLI-0508,Cliente_508,2025-05-31,277,9,337.09,3033.81,Licor,Horeca,Guayaquil
CLI-0509,Cliente_509,2026-02-06,26,13,294.45,3827.85,Destilado,Horeca,Guayaquil
CLI-0510,Cliente_510,2025-08-31,185,1,225.25,225.25,Licor,WhatsApp,Quito
CLI-0511,Cliente_511,2026-01-13,50,1,119.34,119.34,Licor,Autoservicio,Ambato
CLI-0512,Cliente_512,2026-01-03,60,10,396.74,3967.4,Destilado,WhatsApp,Cuenca
CLI-0513,Cliente_513,2026-01-16,47,21,281.18,5904.78,Espumante,E-commerce,Ambato
CLI-0514,Cliente_514,2025-08-26,190,6,233.97,1403.82,Licor,WhatsApp,Ambato
CLI-0515,Cliente_515,2025-10-20,135,8,421.8,3374.4,Vino,Horeca,Guayaquil
CLI-0516,Cliente_516,2026-01-19,44,22,185.02,4070.44,Destilado,Horeca,Manta
CLI-0517,Cliente_517,2026-01-31,32,13,412.83,5366.79,Destilado,WhatsApp,Manta
CLI-0518,Cliente_518,2025-11-03,121,16,163.45,2615.2,Destilado,Autoservicio,Manta
CLI-0519,Cliente_519,2025-05-15,293,17,404.22,6871.74,Espumante,Autoservicio,Ambato
CLI-0520,Cliente_520,2025-12-05,89,6,486.64,2919.84,Espumante,Horeca,Guayaquil
CLI-0521,Cliente_521,2025-07-30,217,3,494.37,1483.11,Destilado,Horeca,Quito
CLI-0522,Cliente_522,2025-05-03,305,9,173.48,1561.32,Vino,Autoservicio,Ambato
CLI-0523,Cliente_523,2025-05-23,285,13,284.99,3704.87,Licor,WhatsApp,Guayaquil
CLI-0524,Cliente_524,2025-03-10,359,20,302.04,6040.8,Destilado,Autoservicio,Ambato
CLI-0525,Cliente_525,2025-12-17,77,5,291.97,1459.85,Vino,Autoservicio,Manta
CLI-0526,Cliente_526,2026-01-11,52,10,436.39,4363.9,Licor,WhatsApp,Cuenca
CLI-0527,Cliente_527,2025-08-19,197,21,253.08,5314.68,Destilado,Autoservicio,Quito
CLI-0528,Cliente_528,2025-10-13,142,13,89.05,1157.65,Destilado,Autoservicio,Ambato
CLI-0529,Cliente_529,2025-09-15,170,23,134.04,3082.92,Destilado,E-commerce,Cuenca
CLI-0530,Cliente_530,2026-02-21,11,11,412.35,4535.85,Licor,E-commerce,Cuenca
CLI-0531,Cliente_531,2025-06-25,252,23,348.73,8020.79,Espumante,Horeca,Cuenca
CLI-0532,Cliente_532,2025-07-20,227,11,149.32,1642.52,Destilado,Autoservicio,Quito
CLI-0533,Cliente_533,2025-07-20,227,7,458.45,3209.15,Destilado,WhatsApp,Manta
CLI-0534,Cliente_534,2025-08-24,192,2,267.33,534.66,Espumante,Autoservicio,Cuenca
CLI-0535,Cliente_535,2025-03-05,364,17,213.62,3631.54,Vino,Horeca,Quito
CLI-0536,Cliente_536,2025-11-21,103,2,139.76,279.52,Destilado,Autoservicio,Cuenca
CLI-0537,Cliente_537,2025-03-08,361,7,151.51,1060.57,Destilado,WhatsApp,Guayaquil
CLI-0538,Cliente_538,2025-03-20,349,1,136.13,136.13,Destilado,WhatsApp,Quito
CLI-0539,Cliente_539,2025-07-04,243,19,284.64,5408.16,Licor,Horeca,Cuenca
CLI-0540,Cliente_540,2025-03-16,353,3,156.83,470.49,Destilado,Autoservicio,Quito
CLI-0541,Cliente_541,2025-05-15,293,7,431.41,3019.87,Espumante,Horeca,Cuenca
CLI-0542,Cliente_542,2025-04-04,334,14,266.37,3729.18,Vino,WhatsApp,Quito
CLI-0543,Cliente_543,2025-04-06,332,6,308.55,1851.3,Vino,Horeca,Cuenca
CLI-0544,Cliente_544,2025-04-26,312,10,362.12,3621.2,Licor,WhatsApp,Ambato
CLI-0545,Cliente_545,2025-09-06,179,15,140.96,2114.4,Destilado,E-commerce,Manta
CLI-0546,Cliente_546,2025-04-18,320,13,300.55,3907.15,Vino,E-commerce,Manta
CLI-0547,Cliente_547,2025-04-06,332,20,312.34,6246.8,Licor,Autoservicio,Ambato
CLI-0548,Cliente_548,2026-01-30,33,11,494.41,5438.51,Licor,E-commerce,Cuenca
CLI-0549,Cliente_549,2025-04-02,336,23,477.05,10972.15,Licor,Horeca,Quito
CLI-0550,Cliente_550,2025-06-12,265,8,451.85,3614.8,Destilado,E-commerce,Quito
CLI-0551,Cliente_551,2026-02-18,14,21,258.74,5433.54,Licor,E-commerce,Ambato
CLI-0552,Cliente_552,2025-08-08,208,13,373.63,4857.19,Espumante,E-commerce,Quito
CLI-0553,Cliente_553,2025-03-17,352,18,326.39,5875.02,Destilado,E-commerce,Manta
CLI-0554,Cliente_554,2025-10-01,154,6,423.51,2541.06,Espumante,E-commerce,Guayaquil
CLI-0555,Cliente_555,2025-07-05,242,5,375.64,1878.2,Espumante,E-commerce,Guayaquil
CLI-0556,Cliente_556,2025-11-10,114,12,127.2,1526.4,Licor,WhatsApp,Cuenca
CLI-0557,Cliente_557,2025-08-25,191,9,301.07,2709.63,Destilado,Autoservicio,Ambato
CLI-0558,Cliente_558,2026-02-04,28,21,300.12,6302.52,Vino,WhatsApp,Quito
CLI-0559,Cliente_559,2025-06-20,257,4,436.4,1745.6,Destilado,E-commerce,Ambato
CLI-0560,Cliente_560,2026-02-04,28,5,85.94,429.7,Espumante,E-commerce,Ambato
CLI-0561,Cliente_561,2025-05-16,292,15,88.75,1331.25,Espumante,Autoservicio,Ambato
CLI-0562,Cliente_562,2025-09-14,171,21,493.59,10365.39,Licor,Autoservicio,Guayaquil
CLI-0563,Cliente_563,2025-07-15,232,9,120.5,1084.5,Espumante,Horeca,Ambato
CLI-0564,Cliente_564,2026-01-17,46,5,314.95,1574.75,Destilado,WhatsApp,Ambato
CLI-0565,Cliente_565,2025-07-02,245,13,22.24,289.12,Espumante,E-commerce,Guayaquil
CLI-0566,Cliente_566,2025-09-20,165,17,111.48,1895.16,Vino,Horeca,Quito
CLI-0567,Cliente_567,2025-03-13,356,12,169.8,2037.6,Vino,WhatsApp,Manta
CLI-0568,Cliente_568,2025-05-06,302,10,100.17,1001.7,Vino,E-commerce,Cuenca
CLI-0569,Cliente_569,2025-07-13,234,24,269.74,6473.76,Licor,WhatsApp,Quito
CLI-0570,Cliente_570,2025-09-09,176,16,192.44,3079.04,Espumante,Horeca,Ambato
CLI-0571,Cliente_571,2026-02-22,10,8,127.67,1021.36,Espumante,Horeca,Guayaquil
CLI-0572,Cliente_572,2025-05-06,302,17,101.11,1718.87,Licor,Autoservicio,Ambato
CLI-0573,Cliente_573,2025-04-10,328,9,390.2,3511.8,Vino,Autoservicio,Guayaquil
CLI-0574,Cliente_574,2025-04-03,335,1,43.15,43.15,Vino,WhatsApp,Ambato
CLI-0575,Cliente_575,2025-08-21,195,4,282.7,1130.8,Destilado,Horeca,Quito
CLI-0576,Cliente_576,2025-03-13,356,22,322.55,7096.1,Licor,WhatsApp,Guayaquil
CLI-0577,Cliente_577,2025-03-29,340,17,149.59,2543.03,Espumante,WhatsApp,Guayaquil
CLI-0578,Cliente_578,2025-06-15,262,24,316.5,7596.0,Licor,Autoservicio,Guayaquil
CLI-0579,Cliente_579,2025-06-22,255,7,312.32,2186.24,Licor,Horeca,Cuenca
CLI-0580,Cliente_580,2025-03-08,361,14,161.77,2264.78,Vino,WhatsApp,Quito
CLI-0581,Cliente_581,2025-03-16,353,16,178.69,2859.04,Vino,Autoservicio,Guayaquil
CLI-0582,Cliente_582,2026-01-06,57,19,341.13,6481.47,Espumante,Autoservicio,Manta
CLI-0583,Cliente_583,2026-01-24,39,24,367.32,8815.68,Licor,Horeca,Ambato
CLI-0584,Cliente_584,2025-10-03,152,9,242.85,2185.65,Vino,Horeca,Guayaquil
CLI-0585,Cliente_585,2025-10-06,149,12,404.77,4857.24,Licor,WhatsApp,Guayaquil
CLI-0586,Cliente_586,2026-01-14,49,2,24.64,49.28,Espumante,Horeca,Cuenca
CLI-0587,Cliente_587,2025-09-01,184,15,478.44,7176.6,Licor,Autoservicio,Cuenca
CLI-0588,Cliente_588,2025-09-09,176,6,74.64,447.84,Destilado,WhatsApp,Cuenca
CLI-0589,Cliente_589,2025-08-18,198,23,428.32,9851.36,Destilado,Horeca,Guayaquil
CLI-0590,Cliente_590,2025-12-26,68,23,368.68,8479.64,Espumante,Autoservicio,Ambato
CLI-0591,Cliente_591,2025-05-05,303,16,405.09,6481.44,Destilado,Horeca,Manta
CLI-0592,Cliente_592,2025-08-21,195,12,313.45,3761.4,Espumante,WhatsApp,Ambato
CLI-0593,Cliente_593,2026-01-05,58,14,231.53,3241.42,Vino,E-commerce,Cuenca
CLI-0594,Cliente_594,2026-02-25,7,23,436.8,10046.4,Espumante,E-commerce,Manta
CLI-0595,Cliente_595,2025-06-09,268,23,356.28,8194.44,Vino,WhatsApp,Quito
CLI-0596,Cliente_596,2025-06-30,247,12,338.58,4062.96,Destilado,Horeca,Manta
CLI-0597,Cliente_597,2025-04-24,314,2,25.59,51.18,Espumante,WhatsApp,Ambato
CLI-0598,Cliente_598,2025-12-09,85,3,380.69,1142.07,Licor,Horeca,Cuenca
CLI-0599,Cliente_599,2025-10-12,143,2,263.33,526.66,Destilado,WhatsApp,Quito
CLI-0600,Cliente_600,2026-01-22,41,15,233.21,3498.15,Destilado,Autoservicio,Ambato
CLI-0601,Cliente_601,2025-07-18,229,11,76.98,846.78,Destilado,Autoservicio,Guayaquil
CLI-0602,Cliente_602,2025-08-09,207,14,37.2,520.8,Vino,Autoservicio,Manta
CLI-0603,Cliente_603,2025-04-21,317,21,166.21,3490.41,Espumante,WhatsApp,Cuenca
CLI-0604,Cliente_604,2025-08-29,187,2,411.96,823.92,Destilado,E-commerce,Manta
CLI-0605,Cliente_605,2025-04-20,318,20,247.1,4942.0,Licor,WhatsApp,Guayaquil
CLI-0606,Cliente_606,2026-01-13,50,22,126.44,2781.68,Licor,E-commerce,Cuenca
CLI-0607,Cliente_607,2025-05-27,281,17,199.47,3390.99,Vino,Autoservicio,Quito
CLI-0608,Cliente_608,2025-06-24,253,5,414.48,2072.4,Destilado,Autoservicio,Cuenca
CLI-0609,Cliente_609,2025-04-25,313,7,110.02,770.14,Destilado,Horeca,Ambato
CLI-0610,Cliente_610,2025-11-26,98,23,182.21,4190.83,Destilado,Autoservicio,Manta
CLI-0611,Cliente_611,2025-12-30,64,15,239.55,3593.25,Espumante,WhatsApp,Guayaquil
CLI-0612,Cliente_612,2025-06-05,272,24,43.31,1039.44,Destilado,WhatsApp,Manta
CLI-0613,Cliente_613,2025-12-03,91,23,297.71,6847.33,Espumante,Autoservicio,Ambato
CLI-0614,Cliente_614,2025-04-01,337,20,310.96,6219.2,Licor,WhatsApp,Ambato
CLI-0615,Cliente_615,2025-04-26,312,23,385.94,8876.62,Licor,WhatsApp,Cuenca
CLI-0616,Cliente_616,2025-10-04,151,15,406.3,6094.5,Espumante,WhatsApp,Manta
CLI-0617,Cliente_617,2025-03-10,359,24,265.9,6381.6,Licor,Horeca,Quito
CLI-0618,Cliente_618,2025-11-16,108,20,362.9,7258.0,Licor,Horeca,Quito
CLI-0619,Cliente_619,2025-06-19,258,18,353.27,6358.86,Licor,Autoservicio,Cuenca
CLI-0620,Cliente_620,2025-05-20,288,16,299.75,4796.0,Destilado,E-commerce,Ambato
CLI-0621,Cliente_621,2026-02-25,7,17,71.11,1208.87,Destilado,Horeca,Guayaquil
CLI-0622,Cliente_622,2025-03-25,344,2,115.95,231.9,Espumante,E-commerce,Cuenca
CLI-0623,Cliente_623,2025-12-19,75,2,351.49,702.98,Licor,Horeca,Manta
CLI-0624,Cliente_624,2026-02-15,17,12,410.73,4928.76,Vino,Horeca,Manta
CLI-0625,Cliente_625,2025-08-16,200,8,265.24,2121.92,Licor,Autoservicio,Ambato
CLI-0626,Cliente_626,2025-08-17,199,14,479.22,6709.08,Licor,Autoservicio,Guayaquil
CLI-0627,Cliente_627,2025-10-26,129,7,317.87,2225.09,Destilado,Horeca,Cuenca
CLI-0628,Cliente_628,2025-05-06,302,18,374.46,6740.28,Espumante,Horeca,Cuenca
CLI-0629,Cliente_629,2025-07-17,230,6,492.06,2952.36,Vino,Horeca,Quito
CLI-0630,Cliente_630,2025-06-13,264,4,201.06,804.24,Destilado,E-commerce,Manta
CLI-0631,Cliente_631,2025-10-19,136,5,97.25,486.25,Licor,Autoservicio,Cuenca
CLI-0632,Cliente_632,2025-07-08,239,23,470.0,10810.0,Vino,Horeca,Cuenca
CLI-0633,Cliente_633,2025-05-02,306,2,391.36,782.72,Licor,WhatsApp,Manta
CLI-0634,Cliente_634,2025-05-26,282,12,54.98,659.76,Licor,Horeca,Quito
CLI-0635,Cliente_635,2025-06-10,267,3,397.4,1192.2,Espumante,WhatsApp,Manta
CLI-0636,Cliente_636,2025-06-02,275,13,64.13,833.69,Espumante,Horeca,Cuenca
CLI-0637,Cliente_637,2025-09-15,170,12,160.92,1931.04,Destilado,Autoservicio,Guayaquil
CLI-0638,Cliente_638,2025-03-26,343,12,233.92,2807.04,Espumante,Autoservicio,Cuenca
CLI-0639,Cliente_639,2025-08-20,196,4,205.22,820.88,Licor,Autoservicio,Manta
CLI-0640,Cliente_640,2025-08-24,192,17,405.35,6890.95,Destilado,WhatsApp,Guayaquil
CLI-0641,Cliente_641,2025-10-03,152,21,112.41,2360.61,Vino,Autoservicio,Quito
CLI-0642,Cliente_642,2025-06-01,276,18,23.52,423.36,Vino,Horeca,Quito
CLI-0643,Cliente_643,2025-03-18,351,14,421.12,5895.68,Espumante,WhatsApp,Guayaquil
CLI-0644,Cliente_644,2025-03-17,352,5,31.4,157.0,Licor,Autoservicio,Guayaquil
CLI-0645,Cliente_645,2026-01-25,38,2,105.44,210.88,Licor,Autoservicio,Manta
CLI-0646,Cliente_646,2025-11-07,117,9,215.66,1940.94,Destilado,WhatsApp,Ambato
CLI-0647,Cliente_647,2025-09-23,162,1,206.96,206.96,Vino,Autoservicio,Manta
CLI-0648,Cliente_648,2026-01-30,33,24,301.09,7226.16,Vino,E-commerce,Manta
CLI-0649,Cliente_649,2026-01-08,55,10,397.71,3977.1,Licor,Autoservicio,Cuenca
CLI-0650,Cliente_650,2025-07-22,225,13,209.65,2725.45,Vino,WhatsApp,Quito
CLI-0651,Cliente_651,2025-06-03,274,8,85.46,683.68,Destilado,E-commerce,Quito
CLI-0652,Cliente_652,2025-10-02,153,22,445.75,9806.5,Licor,Autoservicio,Manta
CLI-0653,Cliente_653,2025-05-23,285,5,79.15,395.75,Vino,WhatsApp,Manta
CLI-0654,Cliente_654,2025-05-27,281,3,166.25,498.75,Licor,Horeca,Ambato
CLI-0655,Cliente_655,2025-04-07,331,17,88.38,1502.46,Espumante,Horeca,Manta
CLI-0656,Cliente_656,2025-10-25,130,7,75.02,525.14,Vino,WhatsApp,Manta
CLI-0657,Cliente_657,2026-01-25,38,10,342.41,3424.1,Licor,Autoservicio,Quito
CLI-0658,Cliente_658,2025-05-10,298,16,476.74,7627.84,Licor,Horeca,Quito
CLI-0659,Cliente_659,2026-01-11,52,10,317.37,3173.7,Espumante,E-commerce,Ambato
CLI-0660,Cliente_660,2025-07-16,231,11,315.84,3474.24,Licor,Horeca,Manta
CLI-0661,Cliente_661,2025-05-17,291,12,407.7,4892.4,Destilado,Horeca,Guayaquil
CLI-0662,Cliente_662,2025-09-24,161,8,397.12,3176.96,Destilado,E-commerce,Cuenca
CLI-0663,Cliente_663,2025-12-25,69,22,371.83,8180.26,Destilado,WhatsApp,Ambato
CLI-0664,Cliente_664,2025-09-01,184,10,253.75,2537.5,Vino,Horeca,Manta
CLI-0665,Cliente_665,2026-01-21,42,9,432.18,3889.62,Espumante,Horeca,Cuenca
CLI-0666,Cliente_666,2025-04-17,321,3,369.16,1107.48,Vino,Autoservicio,Manta
CLI-0667,Cliente_667,2025-05-11,297,13,389.22,5059.86,Espumante,Autoservicio,Manta
CLI-0668,Cliente_668,2025-10-21,134,18,449.11,8083.98,Destilado,Horeca,Cuenca
CLI-0669,Cliente_669,2025-08-15,201,8,447.89,3583.12,Licor,Horeca,Ambato
CLI-0670,Cliente_670,2025-06-20,257,17,63.47,1078.99,Licor,Autoservicio,Quito
CLI-0671,Cliente_671,2025-04-23,315,22,99.6,2191.2,Espumante,WhatsApp,Quito
CLI-0672,Cliente_672,2025-12-02,92,19,475.38,9032.22,Espumante,WhatsApp,Cuenca
CLI-0673,Cliente_673,2026-02-11,21,8,385.51,3084.08,Espumante,Autoservicio,Cuenca
CLI-0674,Cliente_674,2025-08-26,190,8,40.55,324.4,Espumante,E-commerce,Ambato
CLI-0675,Cliente_675,2025-07-06,241,15,443.14,6647.1,Vino,E-commerce,Guayaquil
CLI-0676,Cliente_676,2025-03-08,361,17,324.11,5509.87,Licor,E-commerce,Manta
CLI-0677,Cliente_677,2025-05-29,279,19,103.45,1965.55,Destilado,E-commerce,Manta
CLI-0678,Cliente_678,2025-04-03,335,3,268.0,804.0,Destilado,Horeca,Manta
CLI-0679,Cliente_679,2025-08-08,208,12,412.27,4947.24,Licor,WhatsApp,Ambato
CLI-0680,Cliente_680,2025-04-28,310,1,260.88,260.88,Espumante,WhatsApp,Quito
CLI-0681,Cliente_681,2025-11-06,118,3,266.98,800.94,Licor,Horeca,Quito
CLI-0682,Cliente_682,2025-11-28,96,6,193.87,1163.22,Vino,Horeca,Ambato
CLI-0683,Cliente_683,2025-09-15,170,24,74.4,1785.6,Destilado,WhatsApp,Quito
CLI-0684,Cliente_684,2025-05-05,303,6,330.68,1984.08,Destilado,Autoservicio,Quito
CLI-0685,Cliente_685,2026-02-09,23,5,295.27,1476.35,Espumante,Horeca,Manta
CLI-0686,Cliente_686,2026-02-11,21,19,90.5,1719.5,Espumante,E-commerce,Quito
CLI-0687,Cliente_687,2025-06-12,265,13,307.69,3999.97,Vino,E-commerce,Guayaquil
CLI-0688,Cliente_688,2025-11-13,111,15,311.13,4666.95,Destilado,WhatsApp,Quito
CLI-0689,Cliente_689,2025-11-11,113,14,308.4,4317.6,Espumante,E-commerce,Quito
CLI-0690,Cliente_690,2025-03-17,352,11,462.73,5090.03,Vino,Horeca,Ambato
CLI-0691,Cliente_691,2025-08-18,198,5,72.11,360.55,Espumante,WhatsApp,Quito
CLI-0692,Cliente_692,2025-04-27,311,4,105.16,420.64,Vino,Autoservicio,Guayaquil
CLI-0693,Cliente_693,2025-06-30,247,22,82.56,1816.32,Vino,WhatsApp,Manta
CLI-0694,Cliente_694,2025-07-31,216,12,439.92,5279.04,Destilado,Horeca,Ambato
CLI-0695,Cliente_695,2025-08-20,196,12,302.74,3632.88,Vino,WhatsApp,Quito
CLI-0696,Cliente_696,2025-10-24,131,16,387.61,6201.76,Vino,E-commerce,Manta
CLI-0697,Cliente_697,2025-05-29,279,14,143.75,2012.5,Vino,Autoservicio,Manta
CLI-0698,Cliente_698,2025-06-09,268,4,269.49,1077.96,Destilado,Horeca,Cuenca
CLI-0699,Cliente_699,2025-08-06,210,12,71.16,853.92,Destilado,E-commerce,Cuenca
CLI-0700,Cliente_700,2025-06-02,275,14,291.04,4074.56,Licor,WhatsApp,Quito
CLI-0701,Cliente_701,2025-08-04,212,18,396.22,7131.96,Destilado,Horeca,Cuenca
CLI-0702,Cliente_702,2025-05-21,287,18,252.2,4539.6,Licor,E-commerce,Ambato
CLI-0703,Cliente_703,2025-12-23,71,22,77.16,1697.52,Espumante,WhatsApp,Quito
CLI-0704,Cliente_704,2026-01-11,52,7,264.0,1848.0,Licor,Autoservicio,Quito
CLI-0705,Cliente_705,2025-08-16,200,21,22.54,473.34,Vino,Horeca,Ambato
CLI-0706,Cliente_706,2025-04-30,308,14,62.31,872.34,Licor,Horeca,Cuenca
CLI-0707,Cliente_707,2026-01-22,41,20,38.12,762.4,Destilado,WhatsApp,Manta
CLI-0708,Cliente_708,2025-04-02,336,17,157.51,2677.67,Vino,Horeca,Ambato
CLI-0709,Cliente_709,2025-07-22,225,1,116.82,116.82,Licor,Horeca,Guayaquil
CLI-0710,Cliente_710,2025-05-01,307,17,267.59,4549.03,Espumante,Horeca,Guayaquil
CLI-0711,Cliente_711,2025-08-31,185,8,334.41,2675.28,Espumante,Autoservicio,Cuenca
CLI-0712,Cliente_712,2025-08-11,205,12,341.44,4097.28,Destilado,Horeca,Manta
CLI-0713,Cliente_713,2026-02-24,8,24,357.74,8585.76,Vino,E-commerce,Manta
CLI-0714,Cliente_714,2025-05-09,299,12,186.79,2241.48,Licor,Horeca,Manta
CLI-0715,Cliente_715,2025-11-24,100,15,466.26,6993.9,Vino,E-commerce,Quito
CLI-0716,Cliente_716,2025-08-07,209,17,71.1,1208.7,Vino,E-commerce,Cuenca
CLI-0717,Cliente_717,2026-01-03,60,17,479.22,8146.74,Licor,WhatsApp,Ambato
CLI-0718,Cliente_718,2025-05-19,289,16,389.58,6233.28,Licor,WhatsApp,Ambato
CLI-0719,Cliente_719,2025-05-07,301,1,251.35,251.35,Licor,Autoservicio,Ambato
CLI-0720,Cliente_720,2025-04-13,325,8,344.92,2759.36,Espumante,E-commerce,Ambato
CLI-0721,Cliente_721,2025-09-04,181,17,277.11,4710.87,Licor,Horeca,Cuenca
CLI-0722,Cliente_722,2026-01-15,48,13,343.38,4463.94,Licor,Autoservicio,Manta
CLI-0723,Cliente_723,2025-12-02,92,16,170.66,2730.56,Espumante,E-commerce,Quito
CLI-0724,Cliente_724,2025-03-19,350,7,259.52,1816.64,Espumante,Horeca,Quito
CLI-0725,Cliente_725,2025-10-19,136,7,130.02,910.14,Espumante,E-commerce,Quito
CLI-0726,Cliente_726,2026-01-08,55,4,461.69,1846.76,Destilado,Autoservicio,Manta
CLI-0727,Cliente_727,2026-02-10,22,16,198.17,3170.72,Licor,WhatsApp,Manta
CLI-0728,Cliente_728,2025-10-14,141,16,107.78,1724.48,Licor,WhatsApp,Quito
CLI-0729,Cliente_729,2025-05-12,296,5,45.99,229.95,Destilado,WhatsApp,Manta
CLI-0730,Cliente_730,2026-02-15,17,17,186.7,3173.9,Espumante,WhatsApp,Guayaquil
CLI-0731,Cliente_731,2025-03-11,358,17,240.83,4094.11,Vino,Autoservicio,Quito
CLI-0732,Cliente_732,2025-08-21,195,19,68.36,1298.84,Licor,E-commerce,Quito
CLI-0733,Cliente_733,2025-05-27,281,9,133.83,1204.47,Destilado,E-commerce,Cuenca
CLI-0734,Cliente_734,2025-11-29,95,16,223.49,3575.84,Destilado,E-commerce,Cuenca
CLI-0735,Cliente_735,2025-08-10,206,9,236.35,2127.15,Espumante,Horeca,Guayaquil
CLI-0736,Cliente_736,2025-10-16,139,8,286.56,2292.48,Destilado,Horeca,Quito
CLI-0737,Cliente_737,2025-12-17,77,16,406.72,6507.52,Espumante,WhatsApp,Ambato
CLI-0738,Cliente_738,2025-12-25,69,21,268.16,5631.36,Licor,WhatsApp,Cuenca
CLI-0739,Cliente_739,2025-10-26,129,18,432.08,7777.44,Vino,WhatsApp,Guayaquil
CLI-0740,Cliente_740,2025-03-15,354,6,48.82,292.92,Licor,WhatsApp,Guayaquil
CLI-0741,Cliente_741,2025-07-16,231,24,180.64,4335.36,Licor,E-commerce,Manta
CLI-0742,Cliente_742,2025-05-22,286,9,185.19,1666.71,Destilado,Autoservicio,Cuenca
CLI-0743,Cliente_743,2025-03-21,348,20,115.5,2310.0,Espumante,E-commerce,Cuenca
CLI-0744,Cliente_744,2025-09-18,167,22,265.01,5830.22,Destilado,Autoservicio,Ambato
CLI-0745,Cliente_745,2025-04-23,315,10,242.6,2426.0,Espumante,Horeca,Cuenca
CLI-0746,Cliente_746,2025-07-31,216,21,313.91,6592.11,Destilado,Autoservicio,Guayaquil
CLI-0747,Cliente_747,2025-12-11,83,11,129.54,1424.94,Licor,E-commerce,Cuenca
CLI-0748,Cliente_748,2025-04-28,310,21,209.82,4406.22,Destilado,E-commerce,Manta
CLI-0749,Cliente_749,2025-06-10,267,15,218.71,3280.65,Espumante,Autoservicio,Quito
CLI-0750,Cliente_750,2025-11-03,121,22,140.79,3097.38,Vino,Horeca,Quito
CLI-0751,Cliente_751,2025-08-12,204,4,65.87,263.48,Destilado,Autoservicio,Guayaquil
CLI-0752,Cliente_752,2025-08-12,204,17,387.2,6582.4,Vino,Autoservicio,Cuenca
CLI-0753,Cliente_753,2025-04-21,317,5,60.47,302.35,Destilado,E-commerce,Quito
CLI-0754,Cliente_754,2025-10-28,127,24,156.4,3753.6,Espumante,Horeca,Manta
CLI-0755,Cliente_755,2025-12-06,88,1,36.87,36.87,Licor,E-commerce,Ambato
CLI-0756,Cliente_756,2025-07-07,240,18,468.73,8437.14,Destilado,Horeca,Manta
CLI-0757,Cliente_757,2025-12-03,91,19,306.84,5829.96,Destilado,E-commerce,Cuenca
CLI-0758,Cliente_758,2025-06-30,247,18,129.02,2322.36,Vino,WhatsApp,Cuenca
CLI-0759,Cliente_759,2025-08-28,188,14,144.71,2025.94,Licor,Autoservicio,Guayaquil
CLI-0760,Cliente_760,2025-06-09,268,5,185.06,925.3,Destilado,Autoservicio,Ambato
CLI-0761,Cliente_761,2025-07-02,245,10,24.38,243.8,Destilado,E-commerce,Manta
CLI-0762,Cliente_762,2025-11-05,119,1,283.14,283.14,Espumante,WhatsApp,Manta
CLI-0763,Cliente_763,2025-07-23,224,13,139.95,1819.35,Destilado,WhatsApp,Quito
CLI-0764,Cliente_764,2025-10-20,135,3,222.67,668.01,Espumante,E-commerce,Cuenca
CLI-0765,Cliente_765,2025-04-05,333,24,275.33,6607.92,Licor,WhatsApp,Quito
CLI-0766,Cliente_766,2026-01-27,36,6,85.58,513.48,Vino,WhatsApp,Manta
CLI-0767,Cliente_767,2025-07-15,232,9,356.23,3206.07,Destilado,Horeca,Cuenca
CLI-0768,Cliente_768,2026-02-22,10,5,43.82,219.1,Vino,Horeca,Guayaquil
CLI-0769,Cliente_769,2025-10-10,145,9,80.02,720.18,Destilado,Autoservicio,Quito
CLI-0770,Cliente_770,2026-01-16,47,5,27.07,135.35,Espumante,E-commerce,Ambato
CLI-0771,Cliente_771,2025-09-25,160,16,499.02,7984.32,Destilado,Autoservicio,Cuenca
CLI-0772,Cliente_772,2026-01-21,42,5,46.9,234.5,Destilado,Autoservicio,Manta
CLI-0773,Cliente_773,2025-07-06,241,6,112.25,673.5,Licor,WhatsApp,Guayaquil
CLI-0774,Cliente_774,2025-12-31,63,23,139.5,3208.5,Destilado,Horeca,Guayaquil
CLI-0775,Cliente_775,2025-11-22,102,15,372.95,5594.25,Vino,Horeca,Ambato
CLI-0776,Cliente_776,2025-08-16,200,22,481.38,10590.36,Licor,Horeca,Guayaquil
CLI-0777,Cliente_777,2025-05-26,282,17,78.63,1336.71,Destilado,E-commerce,Quito
CLI-0778,Cliente_778,2025-08-31,185,2,434.56,869.12,Espumante,Autoservicio,Quito
CLI-0779,Cliente_779,2025-04-13,325,14,175.77,2460.78,Espumante,E-commerce,Manta
CLI-0780,Cliente_780,2026-01-01,62,13,398.79,5184.27,Vino,Autoservicio,Manta
CLI-0781,Cliente_781,2025-03-15,354,16,350.44,5607.04,Espumante,E-commerce,Guayaquil
CLI-0782,Cliente_782,2025-10-27,128,6,259.96,1559.76,Licor,Autoservicio,Guayaquil
CLI-0783,Cliente_783,2025-09-02,183,21,93.88,1971.48,Vino,Horeca,Ambato
CLI-0784,Cliente_784,2025-11-04,120,11,491.2,5403.2,Licor,WhatsApp,Quito
CLI-0785,Cliente_785,2026-02-21,11,23,201.33,4630.59,Espumante,E-commerce,Guayaquil
CLI-0786,Cliente_786,2025-06-28,249,23,230.0,5290.0,Licor,WhatsApp,Quito
CLI-0787,Cliente_787,2025-05-17,291,6,280.94,1685.64,Licor,WhatsApp,Cuenca
CLI-0788,Cliente_788,2025-05-01,307,18,96.96,1745.28,Espumante,WhatsApp,Cuenca
CLI-0789,Cliente_789,2025-10-20,135,18,196.21,3531.78,Vino,WhatsApp,Quito
CLI-0790,Cliente_790,2026-02-22,10,20,431.28,8625.6,Espumante,E-commerce,Guayaquil
CLI-0791,Cliente_791,2025-03-31,338,18,413.14,7436.52,Espumante,WhatsApp,Manta
CLI-0792,Cliente_792,2025-12-15,79,20,155.9,3118.0,Destilado,E-commerce,Guayaquil
CLI-0793,Cliente_793,2026-01-13,50,17,336.27,5716.59,Vino,Horeca,Quito
CLI-0794,Cliente_794,2026-02-15,17,7,71.39,499.73,Espumante,Autoservicio,Guayaquil
CLI-0795,Cliente_795,2025-05-15,293,21,421.42,8849.82,Destilado,E-commerce,Guayaquil
CLI-0796,Cliente_796,2025-08-28,188,8,310.86,2486.88,Vino,Autoservicio,Quito
CLI-0797,Cliente_797,2025-04-02,336,16,465.63,7450.08,Vino,WhatsApp,Guayaquil
CLI-0798,Cliente_798,2025-08-31,185,18,376.87,6783.66,Destilado,E-commerce,Guayaquil
CLI-0799,Cliente_799,2025-04-22,316,9,273.93,2465.37,Vino,E-commerce,Guayaquil
CLI-0800,Cliente_800,2025-11-13,111,17,66.62,1132.54,Espumante,WhatsApp,Quito
CLI-0801,Cliente_801,2025-11-25,99,17,335.3,5700.1,Espumante,WhatsApp,Guayaquil
CLI-0802,Cliente_802,2025-04-11,327,19,191.82,3644.58,Destilado,WhatsApp,Guayaquil
CLI-0803,Cliente_803,2025-12-08,86,6,283.98,1703.88,Licor,Horeca,Manta
CLI-0804,Cliente_804,2025-04-30,308,15,468.09,7021.35,Licor,E-commerce,Cuenca
CLI-0805,Cliente_805,2025-08-04,212,21,226.68,4760.28,Licor,Horeca,Manta
CLI-0806,Cliente_806,2025-05-28,280,7,200.03,1400.21,Licor,E-commerce,Ambato
CLI-0807,Cliente_807,2025-07-17,230,13,20.09,261.17,Vino,E-commerce,Manta
CLI-0808,Cliente_808,2026-02-23,9,17,84.84,1442.28,Licor,Autoservicio,Cuenca
CLI-0809,Cliente_809,2025-11-10,114,7,430.75,3015.25,Vino,E-commerce,Manta
CLI-0810,Cliente_810,2025-06-15,262,18,293.92,5290.56,Espumante,Autoservicio,Guayaquil
CLI-0811,Cliente_811,2025-07-11,236,12,94.93,1139.16,Licor,E-commerce,Manta
CLI-0812,Cliente_812,2025-10-27,128,8,143.0,1144.0,Licor,Autoservicio,Manta
CLI-0813,Cliente_813,2025-08-11,205,19,460.58,8751.02,Vino,E-commerce,Ambato
CLI-0814,Cliente_814,2025-12-05,89,16,416.34,6661.44,Vino,E-commerce,Guayaquil
CLI-0815,Cliente_815,2025-05-12,296,13,57.67,749.71,Vino,E-commerce,Cuenca
CLI-0816,Cliente_816,2025-07-24,223,14,466.52,6531.28,Vino,Horeca,Manta
CLI-0817,Cliente_817,2026-02-26,6,21,393.16,8256.36,Destilado,Autoservicio,Cuenca
CLI-0818,Cliente_818,2025-06-08,269,2,173.27,346.54,Espumante,E-commerce,Manta
CLI-0819,Cliente_819,2025-03-11,358,8,93.53,748.24,Destilado,WhatsApp,Manta
CLI-0820,Cliente_820,2025-05-13,295,17,63.24,1075.08,Destilado,E-commerce,Ambato
CLI-0821,Cliente_821,2025-12-18,76,5,181.36,906.8,Destilado,Autoservicio,Manta
CLI-0822,Cliente_822,2025-08-11,205,9,60.84,547.56,Destilado,Horeca,Quito
CLI-0823,Cliente_823,2025-06-30,247,18,115.09,2071.62,Destilado,Horeca,Manta
CLI-0824,Cliente_824,2025-04-22,316,24,271.64,6519.36,Espumante,Autoservicio,Cuenca
CLI-0825,Cliente_825,2025-07-26,221,11,348.67,3835.37,Vino,Autoservicio,Ambato
CLI-0826,Cliente_826,2025-07-30,217,12,187.19,2246.28,Licor,E-commerce,Manta
CLI-0827,Cliente_827,2025-04-02,336,1,389.45,389.45,Espumante,E-commerce,Manta
CLI-0828,Cliente_828,2025-07-20,227,20,89.99,1799.8,Vino,Horeca,Quito
CLI-0829,Cliente_829,2025-03-18,351,12,94.88,1138.56,Vino,Autoservicio,Guayaquil
CLI-0830,Cliente_830,2025-10-30,125,20,464.83,9296.6,Licor,Autoservicio,Cuenca
CLI-0831,Cliente_831,2025-03-13,356,4,166.46,665.84,Destilado,Autoservicio,Cuenca
CLI-0832,Cliente_832,2025-11-16,108,24,278.24,6677.76,Espumante,E-commerce,Manta
CLI-0833,Cliente_833,2025-06-29,248,20,370.36,7407.2,Espumante,Autoservicio,Ambato
CLI-0834,Cliente_834,2025-05-09,299,22,272.86,6002.92,Licor,Horeca,Guayaquil
CLI-0835,Cliente_835,2025-10-09,146,7,398.81,2791.67,Licor,Autoservicio,Ambato
CLI-0836,Cliente_836,2025-04-02,336,1,51.97,51.97,Licor,E-commerce,Guayaquil
CLI-0837,Cliente_837,2026-02-22,10,10,436.36,4363.6,Destilado,Horeca,Ambato
CLI-0838,Cliente_838,2025-06-16,261,23,67.81,1559.63,Licor,WhatsApp,Manta
CLI-0839,Cliente_839,2025-06-04,273,3,109.48,328.44,Destilado,Autoservicio,Guayaquil
CLI-0840,Cliente_840,2025-10-28,127,17,166.37,2828.29,Destilado,WhatsApp,Quito
CLI-0841,Cliente_841,2026-02-22,10,12,348.47,4181.64,Licor,E-commerce,Quito
CLI-0842,Cliente_842,2025-06-20,257,9,409.71,3687.39,Licor,WhatsApp,Guayaquil
CLI-0843,Cliente_843,2025-05-23,285,9,128.28,1154.52,Licor,WhatsApp,Quito
CLI-0844,Cliente_844,2026-01-18,45,24,203.46,4883.04,Espumante,WhatsApp,Quito
CLI-0845,Cliente_845,2025-05-14,294,5,224.7,1123.5,Licor,E-commerce,Ambato
CLI-0846,Cliente_846,2025-05-30,278,5,119.24,596.2,Espumante,Horeca,Quito
CLI-0847,Cliente_847,2025-09-26,159,23,358.47,8244.81,Espumante,WhatsApp,Quito
CLI-0848,Cliente_848,2025-04-02,336,19,460.21,8743.99,Licor,Autoservicio,Manta
CLI-0849,Cliente_849,2025-06-04,273,24,76.83,1843.92,Licor,Horeca,Guayaquil
CLI-0850,Cliente_850,2025-09-21,164,14,481.37,6739.18,Licor,WhatsApp,Cuenca
CLI-0851,Cliente_851,2025-12-16,78,7,71.25,498.75,Espumante,Autoservicio,Manta
CLI-0852,Cliente_852,2025-04-22,316,9,310.69,2796.21,Espumante,Horeca,Quito
CLI-0853,Cliente_853,2025-03-17,352,1,192.45,192.45,Destilado,Horeca,Manta
CLI-0854,Cliente_854,2025-04-28,310,16,361.77,5788.32,Licor,Horeca,Ambato
CLI-0855,Cliente_855,2025-06-25,252,16,86.01,1376.16,Espumante,Horeca,Guayaquil
CLI-0856,Cliente_856,2025-08-06,210,1,464.21,464.21,Destilado,Horeca,Quito
CLI-0857,Cliente_857,2025-11-19,105,3,105.0,315.0,Destilado,WhatsApp,Cuenca
CLI-0858,Cliente_858,2025-07-12,235,8,225.23,1801.84,Vino,WhatsApp,Cuenca
CLI-0859,Cliente_859,2025-08-14,202,20,470.79,9415.8,Vino,Autoservicio,Ambato
CLI-0860,Cliente_860,2025-07-13,234,2,441.33,882.66,Espumante,WhatsApp,Guayaquil
CLI-0861,Cliente_861,2025-05-22,286,13,267.74,3480.62,Vino,Horeca,Cuenca
CLI-0862,Cliente_862,2025-07-21,226,13,444.51,5778.63,Licor,WhatsApp,Quito
CLI-0863,Cliente_863,2025-07-30,217,10,314.3,3143.0,Vino,Horeca,Ambato
CLI-0864,Cliente_864,2025-04-07,331,15,63.41,951.15,Vino,Horeca,Manta
CLI-0865,Cliente_865,2025-03-12,357,18,84.95,1529.1,Destilado,E-commerce,Ambato
CLI-0866,Cliente_866,2026-02-19,13,6,237.77,1426.62,Espumante,WhatsApp,Guayaquil
CLI-0867,Cliente_867,2025-10-26,129,11,352.02,3872.22,Espumante,Autoservicio,Guayaquil
CLI-0868,Cliente_868,2026-01-04,59,23,235.71,5421.33,Licor,Autoservicio,Manta
CLI-0869,Cliente_869,2025-03-06,363,13,368.9,4795.7,Espumante,WhatsApp,Manta
CLI-0870,Cliente_870,2025-08-21,195,2,388.76,777.52,Licor,Horeca,Quito
CLI-0871,Cliente_871,2025-12-19,75,6,389.2,2335.2,Vino,WhatsApp,Cuenca
CLI-0872,Cliente_872,2025-09-26,159,24,388.94,9334.56,Destilado,E-commerce,Quito
CLI-0873,Cliente_873,2026-01-02,61,5,481.01,2405.05,Vino,E-commerce,Guayaquil
CLI-0874,Cliente_874,2025-07-12,235,16,430.6,6889.6,Vino,WhatsApp,Quito
CLI-0875,Cliente_875,2025-11-12,112,19,336.55,6394.45,Destilado,WhatsApp,Ambato
CLI-0876,Cliente_876,2026-01-22,41,20,308.05,6161.0,Espumante,E-commerce,Manta
CLI-0877,Cliente_877,2025-04-16,322,18,413.66,7445.88,Espumante,Autoservicio,Quito
CLI-0878,Cliente_878,2025-12-18,76,2,333.57,667.14,Vino,Horeca,Guayaquil
CLI-0879,Cliente_879,2025-03-27,342,19,422.25,8022.75,Licor,E-commerce,Guayaquil
CLI-0880,Cliente_880,2026-02-06,26,4,220.14,880.56,Espumante,Horeca,Cuenca
CLI-0881,Cliente_881,2025-04-25,313,22,351.93,7742.46,Espumante,WhatsApp,Manta
CLI-0882,Cliente_882,2025-08-31,185,2,64.7,129.4,Licor,E-commerce,Cuenca
CLI-0883,Cliente_883,2025-08-21,195,3,384.05,1152.15,Vino,E-commerce,Ambato
CLI-0884,Cliente_884,2025-12-25,69,4,353.42,1413.68,Licor,E-commerce,Manta
CLI-0885,Cliente_885,2025-08-04,212,17,120.73,2052.41,Espumante,Autoservicio,Guayaquil
CLI-0886,Cliente_886,2025-05-15,293,24,490.09,11762.16,Vino,WhatsApp,Manta
CLI-0887,Cliente_887,2025-03-07,362,10,224.99,2249.9,Licor,E-commerce,Manta
CLI-0888,Cliente_888,2025-05-13,295,20,189.85,3797.0,Espumante,WhatsApp,Manta
CLI-0889,Cliente_889,2025-04-14,324,16,256.4,4102.4,Espumante,Horeca,Cuenca
CLI-0890,Cliente_890,2025-11-24,100,1,76.74,76.74,Destilado,Autoservicio,Quito
CLI-0891,Cliente_891,2025-04-22,316,14,218.74,3062.36,Licor,E-commerce,Manta
CLI-0892,Cliente_892,2025-04-11,327,7,25.42,177.94,Espumante,E-commerce,Cuenca
CLI-0893,Cliente_893,2026-01-28,35,10,164.14,1641.4,Licor,Autoservicio,Guayaquil
CLI-0894,Cliente_894,2025-03-17,352,11,183.85,2022.35,Vino,Horeca,Quito
CLI-0895,Cliente_895,2025-09-15,170,11,462.69,5089.59,Destilado,WhatsApp,Guayaquil
CLI-0896,Cliente_896,2025-04-07,331,5,251.12,1255.6,Destilado,E-commerce,Ambato
CLI-0897,Cliente_897,2025-08-04,212,24,46.89,1125.36,Licor,E-commerce,Manta
CLI-0898,Cliente_898,2025-06-02,275,1,119.97,119.97,Licor,E-commerce,Guayaquil
CLI-0899,Cliente_899,2025-12-17,77,9,423.55,3811.95,Licor,WhatsApp,Manta
CLI-0900,Cliente_900,2025-12-09,85,19,310.73,5903.87,Espumante,Autoservicio,Cuenca
CLI-0901,Cliente_901,2025-03-07,362,11,360.72,3967.92,Licor,WhatsApp,Guayaquil
CLI-0902,Cliente_902,2025-06-22,255,8,198.36,1586.88,Licor,Horeca,Manta
CLI-0903,Cliente_903,2025-09-30,155,6,73.87,443.22,Vino,Horeca,Guayaquil
CLI-0904,Cliente_904,2025-07-19,228,17,31.97,543.49,Destilado,Horeca,Quito
CLI-0905,Cliente_905,2025-09-10,175,16,371.57,5945.12,Licor,E-commerce,Quito
CLI-0906,Cliente_906,2026-01-12,51,17,344.82,5861.94,Espumante,Horeca,Guayaquil
CLI-0907,Cliente_907,2025-07-11,236,13,362.57,4713.41,Vino,Autoservicio,Cuenca
CLI-0908,Cliente_908,2026-02-09,23,22,427.1,9396.2,Vino,E-commerce,Ambato
CLI-0909,Cliente_909,2026-02-08,24,4,269.88,1079.52,Licor,Autoservicio,Manta
CLI-0910,Cliente_910,2025-09-25,160,21,448.23,9412.83,Licor,Horeca,Quito
CLI-0911,Cliente_911,2025-10-08,147,9,275.49,2479.41,Destilado,Autoservicio,Cuenca
CLI-0912,Cliente_912,2025-12-17,77,6,151.35,908.1,Vino,Autoservicio,Quito
CLI-0913,Cliente_913,2025-05-30,278,12,283.7,3404.4,Licor,Horeca,Cuenca
CLI-0914,Cliente_914,2025-05-14,294,8,102.21,817.68,Licor,E-commerce,Manta
CLI-0915,Cliente_915,2025-07-19,228,2,82.44,164.88,Destilado,Autoservicio,Guayaquil
CLI-0916,Cliente_916,2025-08-19,197,2,61.34,122.68,Destilado,Horeca,Manta
CLI-0917,Cliente_917,2025-05-04,304,21,421.36,8848.56,Destilado,E-commerce,Cuenca
CLI-0918,Cliente_918,2025-09-14,171,7,362.19,2535.33,Vino,WhatsApp,Manta
CLI-0919,Cliente_919,2025-12-26,68,3,410.17,1230.51,Destilado,Autoservicio,Ambato
CLI-0920,Cliente_920,2025-09-26,159,22,329.32,7245.04,Destilado,WhatsApp,Quito
CLI-0921,Cliente_921,2025-11-09,115,5,433.33,2166.65,Licor,E-commerce,Ambato
CLI-0922,Cliente_922,2025-11-30,94,23,460.29,10586.67,Licor,E-commerce,Ambato
CLI-0923,Cliente_923,2025-06-27,250,1,51.38,51.38,Vino,E-commerce,Ambato
CLI-0924,Cliente_924,2025-07-10,237,6,155.48,932.88,Licor,Horeca,Manta
CLI-0925,Cliente_925,2026-01-10,53,13,412.43,5361.59,Vino,E-commerce,Manta
CLI-0926,Cliente_926,2025-04-05,333,3,400.37,1201.11,Destilado,WhatsApp,Manta
CLI-0927,Cliente_927,2025-08-04,212,8,318.02,2544.16,Espumante,WhatsApp,Ambato
CLI-0928,Cliente_928,2026-01-29,34,11,119.95,1319.45,Destilado,WhatsApp,Manta
CLI-0929,Cliente_929,2025-09-09,176,18,353.18,6357.24,Espumante,Autoservicio,Manta
CLI-0930,Cliente_930,2025-06-27,250,4,304.24,1216.96,Destilado,E-commerce,Manta
CLI-0931,Cliente_931,2026-01-13,50,15,104.56,1568.4,Destilado,Autoservicio,Manta
CLI-0932,Cliente_932,2026-01-07,56,22,410.75,9036.5,Destilado,E-commerce,Ambato
CLI-0933,Cliente_933,2025-04-07,331,22,49.51,1089.22,Espumante,Horeca,Manta
CLI-0934,Cliente_934,2025-04-12,326,1,383.4,383.4,Espumante,WhatsApp,Manta
CLI-0935,Cliente_935,2025-10-05,150,13,315.47,4101.11,Destilado,Horeca,Quito
CLI-0936,Cliente_936,2025-03-20,349,11,163.87,1802.57,Licor,WhatsApp,Cuenca
CLI-0937,Cliente_937,2026-01-17,46,19,23.9,454.1,Destilado,Horeca,Cuenca
CLI-0938,Cliente_938,2026-01-31,32,12,452.52,5430.24,Vino,Autoservicio,Manta
CLI-0939,Cliente_939,2025-09-01,184,4,433.4,1733.6,Vino,Horeca,Ambato
CLI-0940,Cliente_940,2025-03-09,360,19,209.25,3975.75,Licor,WhatsApp,Ambato
CLI-0941,Cliente_941,2025-08-20,196,14,281.66,3943.24,Espumante,WhatsApp,Quito
CLI-0942,Cliente_942,2025-11-27,97,18,204.61,3682.98,Licor,WhatsApp,Quito
CLI-0943,Cliente_943,2025-10-07,148,22,80.26,1765.72,Vino,Autoservicio,Guayaquil
CLI-0944,Cliente_944,2025-12-20,74,24,444.75,10674.0,Destilado,Horeca,Guayaquil
CLI-0945,Cliente_945,2025-12-23,71,21,406.85,8543.85,Destilado,WhatsApp,Manta
CLI-0946,Cliente_946,2025-12-01,93,15,264.52,3967.8,Destilado,WhatsApp,Cuenca
CLI-0947,Cliente_947,2025-11-08,116,6,223.89,1343.34,Vino,WhatsApp,Quito
CLI-0948,Cliente_948,2025-03-04,365,17,149.24,2537.08,Licor,Autoservicio,Guayaquil
CLI-0949,Cliente_949,2025-05-17,291,16,358.34,5733.44,Vino,WhatsApp,Guayaquil
CLI-0950,Cliente_950,2025-12-21,73,24,371.02,8904.48,Licor,WhatsApp,Manta
CLI-0951,Cliente_951,2026-01-22,41,17,447.16,7601.72,Vino,Horeca,Ambato
CLI-0952,Cliente_952,2025-04-15,323,24,338.59,8126.16,Vino,E-commerce,Manta
CLI-0953,Cliente_953,2026-02-04,28,11,276.82,3045.02,Vino,WhatsApp,Ambato
CLI-0954,Cliente_954,2025-06-14,263,16,295.5,4728.0,Licor,WhatsApp,Cuenca
CLI-0955,Cliente_955,2025-10-04,151,10,100.4,1004.0,Licor,E-commerce,Guayaquil
CLI-0956,Cliente_956,2025-04-15,323,16,297.51,4760.16,Vino,E-commerce,Manta
CLI-0957,Cliente_957,2026-02-18,14,10,252.68,2526.8,Espumante,Autoservicio,Cuenca
CLI-0958,Cliente_958,2025-10-25,130,5,315.58,1577.9,Licor,E-commerce,Guayaquil
CLI-0959,Cliente_959,2026-01-05,58,20,103.81,2076.2,Espumante,WhatsApp,Cuenca
CLI-0960,Cliente_960,2025-12-04,90,9,395.61,3560.49,Espumante,WhatsApp,Quito
CLI-0961,Cliente_961,2025-06-06,271,2,184.57,369.14,Vino,Horeca,Manta
CLI-0962,Cliente_962,2025-12-15,79,16,381.33,6101.28,Destilado,WhatsApp,Quito
CLI-0963,Cliente_963,2025-03-30,339,15,368.48,5527.2,Espumante,Horeca,Manta
CLI-0964,Cliente_964,2025-09-08,177,2,328.29,656.58,Vino,Autoservicio,Quito
CLI-0965,Cliente_965,2025-07-09,238,13,248.59,3231.67,Destilado,Horeca,Ambato
CLI-0966,Cliente_966,2025-03-19,350,23,207.23,4766.29,Licor,Horeca,Manta
CLI-0967,Cliente_967,2025-07-24,223,1,158.62,158.62,Destilado,WhatsApp,Cuenca
CLI-0968,Cliente_968,2025-06-05,272,22,478.82,10534.04,Vino,E-commerce,Ambato
CLI-0969,Cliente_969,2025-04-25,313,21,432.01,9072.21,Licor,E-commerce,Cuenca
CLI-0970,Cliente_970,2026-01-12,51,9,334.08,3006.72,Destilado,WhatsApp,Quito
CLI-0971,Cliente_971,2025-03-24,345,19,389.84,7406.96,Licor,Horeca,Cuenca
CLI-0972,Cliente_972,2025-05-27,281,1,342.94,342.94,Vino,Autoservicio,Ambato
CLI-0973,Cliente_973,2026-01-12,51,17,69.88,1187.96,Destilado,E-commerce,Quito
CLI-0974,Cliente_974,2025-10-09,146,9,112.68,1014.12,Vino,Autoservicio,Guayaquil
CLI-0975,Cliente_975,2025-05-03,305,22,449.1,9880.2,Espumante,Autoservicio,Guayaquil
CLI-0976,Cliente_976,2026-01-18,45,20,82.36,1647.2,Espumante,Autoservicio,Quito
CLI-0977,Cliente_977,2025-10-25,130,10,244.14,2441.4,Vino,WhatsApp,Cuenca
CLI-0978,Cliente_978,2025-07-28,219,23,453.63,10433.49,Licor,E-commerce,Quito
CLI-0979,Cliente_979,2026-01-25,38,9,393.01,3537.09,Destilado,WhatsApp,Cuenca
CLI-0980,Cliente_980,2026-02-01,31,9,478.69,4308.21,Licor,Horeca,Ambato
CLI-0981,Cliente_981,2026-01-27,36,16,490.12,7841.92,Espumante,WhatsApp,Quito
CLI-0982,Cliente_982,2025-04-07,331,16,72.05,1152.8,Destilado,Horeca,Manta
CLI-0983,Cliente_983,2025-04-08,330,4,458.05,1832.2,Licor,Autoservicio,Guayaquil
CLI-0984,Cliente_984,2026-01-25,38,3,294.25,882.75,Licor,WhatsApp,Guayaquil
CLI-0985,Cliente_985,2025-06-22,255,5,333.38,1666.9,Vino,Autoservicio,Ambato
CLI-0986,Cliente_986,2025-10-18,137,5,356.03,1780.15,Destilado,Autoservicio,Manta
CLI-0987,Cliente_987,2025-03-06,363,16,249.51,3992.16,Destilado,Autoservicio,Manta
CLI-0988,Cliente_988,2025-11-08,116,1,204.52,204.52,Destilado,Autoservicio,Manta
CLI-0989,Cliente_989,2025-06-02,275,12,180.05,2160.6,Licor,WhatsApp,Guayaquil
CLI-0990,Cliente_990,2025-04-14,324,21,63.52,1333.92,Licor,Autoservicio,Ambato
CLI-0991,Cliente_991,2025-10-06,149,21,117.5,2467.5,Vino,WhatsApp,Quito
CLI-0992,Cliente_992,2025-10-01,154,23,207.25,4766.75,Vino,E-commerce,Ambato
CLI-0993,Cliente_993,2026-01-19,44,21,230.23,4834.83,Espumante,Horeca,Guayaquil
CLI-0994,Cliente_994,2025-11-25,99,1,365.47,365.47,Espumante,WhatsApp,Ambato
CLI-0995,Cliente_995,2026-01-30,33,18,328.84,5919.12,Destilado,WhatsApp,Guayaquil
CLI-0996,Cliente_996,2026-02-13,19,11,46.91,516.01,Vino,WhatsApp,Guayaquil
CLI-0997,Cliente_997,2025-11-15,109,21,340.31,7146.51,Destilado,Horeca,Manta
CLI-0998,Cliente_998,2025-11-04,120,3,37.7,113.1,Espumante,WhatsApp,Guayaquil
CLI-0999,Cliente_999,2025-07-05,242,20,41.98,839.6,Espumante,Autoservicio,Quito
CLI-1000,Cliente_1000,2025-04-14,324,2,454.24,908.48,Vino,WhatsApp,Manta
